date,VLUE,MTUM,QUAL,USMV,SPY
2015-01-02,49.133399963378906,59.46950912475586,52.5156135559082,32.813438415527344,169.68785095214844
2015-01-05,49.133399963378906,58.6993522644043,51.722469329833984,32.50563430786133,166.6233673095703
2015-01-06,48.11149597167969,58.20048522949219,51.275272369384766,32.416534423828125,165.0539093017578
2015-01-07,48.49470901489258,59.1632080078125,51.857460021972656,32.82963943481445,167.1106719970703
2015-01-08,49.479034423828125,60.37098693847656,52.82779312133789,33.315643310546875,170.0760955810547
2015-01-09,49.0131721496582,60.055908203125,52.37216567993164,33.12123489379883,168.713134765625
2015-01-12,48.50223159790039,59.7058219909668,51.94184112548828,32.975440979003906,167.3914794921875
2015-01-13,48.36698532104492,59.50452423095703,51.798397064208984,32.94303894042969,166.92074584960938
2015-01-14,47.9837646484375,59.303245544433594,51.59591293334961,32.82963943481445,165.9129638671875
2015-01-15,47.555477142333984,58.90938186645508,51.11496353149414,32.78104019165039,164.3931121826172
2015-01-16,48.194156646728516,59.627037048339844,51.80683517456055,33.1374397277832,166.5489959716797
2015-01-20,48.0363655090332,59.95086669921875,52.04310989379883,33.19413757324219,166.90419006347656
2015-01-21,48.39703369140625,60.18717575073242,52.14435577392578,33.25082778930664,167.7467498779297
2015-01-22,48.75019073486328,61.21989440917969,52.97966766357422,33.73685073852539,170.24124145507812
2015-01-23,48.907989501953125,61.09739685058594,52.861549377441406,33.55863571166992,169.3078155517578
2015-01-26,48.83283615112305,61.158660888671875,52.95435333251953,33.631534576416016,169.70436096191406
2015-01-27,48.62998962402344,60.379737854003906,52.06841278076172,33.38853454589844,167.4658660888672
2015-01-28,47.63813781738281,59.68831253051758,51.57902908325195,33.0078239440918,165.3182373046875
2015-01-29,48.0363655090332,60.2572021484375,52.07685089111328,33.17793655395508,166.8463897705078
2015-01-30,47.555477142333984,59.15445327758789,51.61278533935547,32.62712860107422,164.7482452392578
2015-02-02,47.420223236083984,59.59205627441406,52.07685089111328,32.91062927246094,166.78855895996094
2015-02-03,49.058265686035156,60.16093063354492,52.861549377441406,33.27513885498047,169.20046997070312
2015-02-04,49.193511962890625,60.06464385986328,52.481849670410156,33.19413757324219,168.55618286132812
2015-02-05,49.43394470214844,60.72102355957031,53.12311935424805,33.51814651489258,170.2578125
2015-02-06,49.62179946899414,60.134666442871094,52.768733978271484,33.22653579711914,169.78700256347656
2015-02-09,49.110843658447266,59.75834655761719,52.599971771240234,33.04833984375,169.02703857421875
2015-02-10,49.5692024230957,60.58975601196289,53.156864166259766,33.39664077758789,170.82772827148438
2015-02-11,49.64433670043945,60.90483856201172,53.18218231201172,33.412845611572266,170.92686462402344
2015-02-12,50.13274002075195,61.29867172241211,53.62092208862305,33.5748405456543,172.5706024169922
2015-02-13,50.35064697265625,61.37745666503906,53.94999694824219,33.59914016723633,173.281005859375
2015-02-17,50.47838592529297,61.640037536621094,53.983741760253906,33.61534118652344,173.55357360839844
2015-02-18,50.37317657470703,61.823795318603516,54.09343719482422,33.72875213623047,173.570068359375
2015-02-19,50.37317657470703,61.85881042480469,54.194698333740234,33.58293533325195,173.44618225097656
2015-02-20,50.39573287963867,62.366432189941406,54.59125518798828,33.80165100097656,174.4869842529297
2015-02-23,50.45584487915039,62.58522033691406,54.633445739746094,33.842140197753906,174.4622039794922
2015-02-24,50.65871810913086,62.655208587646484,54.75156784057617,33.858341217041016,174.9578094482422
2015-02-25,50.598594665527344,62.50644302368164,54.835941314697266,33.86644744873047,174.8091583251953
2015-02-26,50.37317657470703,62.60272216796875,54.802188873291016,33.83405303955078,174.6026153564453
2015-02-27,50.37317657470703,62.366432189941406,54.71782684326172,33.817840576171875,174.00791931152344
2015-03-02,50.6436882019043,62.751495361328125,55.13970184326172,33.93124008178711,175.10647583007812
2015-03-03,50.29806137084961,62.33140563964844,54.8275146484375,33.80165100097656,174.38784790039062
2015-03-04,50.12522888183594,62.25265884399414,54.59970474243164,33.647735595703125,173.65269470214844
2015-03-05,50.20036315917969,62.39267349243164,54.7684440612793,33.76925277709961,173.84262084960938
2015-03-06,49.41140365600586,61.39494705200195,53.94157028198242,33.16984939575195,171.39767456054688
2015-03-09,49.72700500488281,61.77128982543945,54.245296478271484,33.32373809814453,172.10804748535156
2015-03-10,48.88544464111328,60.81731033325195,53.34248733520508,32.89443588256836,169.31610107421875
2015-03-11,48.90047073364258,60.68603515625,53.072486877441406,32.82154083251953,168.91961669921875
2015-03-12,49.306217193603516,61.368709564208984,53.629371643066406,33.25082778930664,171.0672607421875
2015-03-13,49.1634635925293,61.106117248535156,53.26655197143555,33.088836669921875,170.0182342529297
2015-03-16,49.734500885009766,62.04257583618164,54.051239013671875,33.54243850708008,172.28981018066406
2015-03-17,49.64433670043945,62.086387634277344,53.814979553222656,33.39664077758789,171.7776641845703
2015-03-18,50.19286346435547,62.751495361328125,54.473121643066406,33.80165100097656,173.84262084960938
2015-03-19,49.88478088378906,62.83904266357422,54.46467590332031,33.696353912353516,173.0497283935547
2015-03-20,50.51594924926758,63.31160354614258,54.98780822753906,33.96365737915039,174.57716369628906
2015-03-23,50.418277740478516,62.98782730102539,54.97938919067383,34.02034378051758,174.2370147705078
2015-03-24,50.0576057434082,62.67274475097656,54.59970474243164,33.817840576171875,173.2579803466797
2015-03-25,49.49971389770508,61.3762321472168,53.816490173339844,33.39400863647461,170.71905517578125
2015-03-26,49.29590606689453,61.39378356933594,53.7318115234375,33.28825759887695,170.31259155273438
2015-03-27,49.243045806884766,61.8502311706543,53.75722122192383,33.4346923828125,170.70248413085938
2015-03-30,49.89982604980469,62.420799255371094,54.37532424926758,33.800758361816406,172.7850799560547
2015-03-31,49.89982604980469,61.709815979003906,53.858829498291016,33.56484603881836,171.27500915527344
2015-04-01,49.49971389770508,61.20064163208008,53.53709030151367,33.48348617553711,170.66932678222656
2015-04-02,49.54502487182617,61.34989547729492,53.638671875,33.548587799072266,171.28329467773438
2015-04-06,50.02062225341797,61.65711212158203,53.935035705566406,33.73568344116211,172.4365997314453
2015-04-07,49.80169677734375,61.63955307006836,54.036643981933594,33.60553741455078,171.98016357421875
2015-04-08,49.83944320678711,61.8502311706543,54.10437774658203,33.70314407348633,172.56103515625
2015-04-09,50.035709381103516,62.060916900634766,54.37532424926758,33.76009750366211,173.3243408203125
2015-04-10,50.337677001953125,62.41202926635742,54.51078796386719,33.84956359863281,174.27017211914062
2015-04-13,50.29994201660156,62.087242126464844,54.33296585083008,33.70314407348633,173.48199462890625
2015-04-14,50.277286529541016,62.017005920410156,54.197505950927734,33.7763557434082,173.8138427734375
2015-04-15,50.805728912353516,62.218902587890625,54.53619384765625,33.80889892578125,174.59373474121094
2015-04-16,50.56415557861328,62.2540168762207,54.40072250366211,33.7763557434082,174.5439910888672
2015-04-17,50.035709381103516,61.499114990234375,53.71488571166992,33.44281768798828,172.53610229492188
2015-04-20,50.5415153503418,62.1662483215332,54.30758285522461,33.72754669189453,174.11257934570312
2015-04-21,50.48866271972656,62.3505859375,54.35837936401367,33.71127700805664,173.90518188476562
2015-04-22,50.17914581298828,62.56125259399414,54.68011474609375,33.82516860961914,174.75973510742188
2015-04-23,50.73023223876953,62.64904022216797,54.942596435546875,33.955326080322266,175.19944763183594
2015-04-24,50.647186279296875,62.754371643066406,55.14580154418945,34.00413131713867,175.60601806640625
2015-04-27,50.654754638671875,62.2628059387207,54.934139251708984,33.768226623535156,174.87591552734375
2015-04-28,50.75288772583008,62.324249267578125,54.993412017822266,33.90650939941406,175.43182373046875
2015-04-29,50.594337463378906,61.92045974731445,54.68011474609375,33.64619445800781,174.7099609375
2015-04-30,50.23198699951172,61.06899642944336,53.951969146728516,33.36960220336914,172.95932006835938
2015-05-01,50.58679962158203,61.999446868896484,54.72246551513672,33.621788024902344,174.8344268798828
2015-05-04,50.9189453125,62.148685455322266,54.84099578857422,33.71940994262695,175.33224487304688
2015-05-05,50.33012008666992,61.226993560791016,54.273712158203125,33.353336334228516,173.3243408203125
2015-05-06,50.11119842529297,60.9812126159668,53.96889877319336,33.27199172973633,172.61083984375
2015-05-07,50.239540100097656,61.499114990234375,54.25678253173828,33.45096206665039,173.2994384765625
2015-05-08,50.835906982421875,62.289127349853516,55.06962585449219,33.83330535888672,175.58111572265625
2015-05-11,50.594337463378906,62.087242126464844,54.9002685546875,33.654327392578125,174.74314880371094
2015-05-12,50.533958435058594,61.86780548095703,54.730918884277344,33.58924865722656,174.2204132080078
2015-05-13,50.42072296142578,61.93800354003906,54.713993072509766,33.55672073364258,174.2536163330078
2015-05-14,50.86610794067383,62.807029724121094,55.37441635131836,33.955326080322266,176.07064819335938
2015-05-15,50.964263916015625,62.93870162963867,55.41676330566406,34.069210052490234,176.26150512695312
2015-05-18,51.10768508911133,63.27227783203125,55.56917953491211,34.118019104003906,176.80909729003906
2015-05-19,51.14544677734375,63.25471878051758,55.61997604370117,34.14242172241211,176.75099182128906
2015-05-20,51.21337890625,63.23717498779297,55.560699462890625,34.126163482666016,176.62655639648438
2015-05-21,51.19828796386719,63.324947357177734,55.65384292602539,34.10174560546875,177.14096069335938
2015-05-22,51.251121520996094,63.22837829589844,55.48450469970703,34.01227951049805,176.71778869628906
2015-05-26,50.5415153503418,62.58758544921875,54.80714797973633,33.71940994262695,174.81784057617188
2015-05-27,50.90386199951172,63.4127311706543,55.25587844848633,33.93906021118164,176.47726440429688
2015-05-28,50.994449615478516,63.324947357177734,55.22203063964844,33.91465759277344,176.2781219482422
2015-05-29,50.69249725341797,63.12306213378906,54.77326965332031,33.71127700805664,175.18287658691406
2015-06-01,50.69249725341797,63.17573165893555,54.91721725463867,33.800758361816406,175.5397186279297
2015-06-02,50.76043701171875,62.90359878540039,54.86641311645508,33.68687057495117,175.36541748046875
2015-06-03,50.88121795654297,63.00016403198242,54.967994689941406,33.67875671386719,175.830078125
2015-06-04,50.50375747680664,62.50858688354492,54.468448638916016,33.45096206665039,174.3448944091797
2015-06-05,50.48866271972656,62.324249267578125,54.35837936401367,33.25572204589844,174.04623413085938
2015-06-08,50.29994201660156,61.9555778503418,54.0112419128418,33.109291076660156,172.97586059570312
2015-06-09,50.32258605957031,62.00823974609375,54.00275802612305,33.05234909057617,172.9510040283203
2015-06-10,50.82837677001953,62.76313400268555,54.73939514160156,33.33705139160156,175.02525329589844
2015-06-11,50.91141891479492,62.93870162963867,54.95954132080078,33.50788879394531,175.58944702148438
2015-06-12,50.52640151977539,62.59636306762695,54.519256591796875,33.30451965332031,174.2453155517578
2015-06-15,50.29240036010742,62.552490234375,54.23138427734375,33.12555694580078,173.4986572265625
2015-06-16,50.55659484863281,62.965065002441406,54.58699417114258,33.34519577026367,174.4444580078125
2015-06-17,50.55659484863281,63.061614990234375,54.798667907714844,33.467220306396484,174.7265167236328
2015-06-18,51.11522674560547,63.95695114135742,55.36595916748047,33.82516860961914,176.54359436035156
2015-06-19,50.91141891479492,63.90431213378906,55.188148498535156,33.68687057495117,175.75985717773438
2015-06-22,51.137874603271484,64.19397735595703,55.382904052734375,33.78448486328125,176.66030883789062
2015-06-23,51.137874603271484,64.31687927246094,55.289756774902344,33.751953125,176.7853240966797
2015-06-24,50.825252532958984,63.75068283081055,54.98691177368164,33.506710052490234,175.50140380859375
2015-06-25,50.8404426574707,64.10291290283203,54.782752990722656,33.43315505981445,174.96786499023438
2015-06-26,50.50656509399414,63.909141540527344,54.73171615600586,33.498531341552734,174.9344940185547
2015-06-29,49.74015426635742,62.72047424316406,53.515281677246094,32.926334381103516,171.26602172851562
2015-06-30,49.85398864746094,62.9053840637207,53.761966705322266,32.959041595458984,171.62457275390625
2015-07-01,49.89192199707031,63.49532699584961,54.034175872802734,33.351402282714844,173.0001678466797
2015-07-02,49.99815368652344,63.35445785522461,54.11923599243164,33.37591552734375,172.84181213378906
2015-07-06,49.60356903076172,63.222381591796875,53.889549255371094,33.400455474853516,172.34991455078125
2015-07-07,49.960205078125,63.61860656738281,54.26385498046875,33.71926498413086,173.4337615966797
2015-07-08,49.0648078918457,62.685237884521484,53.4387092590332,33.35957336425781,170.52398681640625
2015-07-09,49.36074447631836,62.94059371948242,53.600337982177734,33.35957336425781,170.83250427246094
2015-07-10,49.838802337646484,63.91798782348633,54.16176986694336,33.711090087890625,172.9835205078125
2015-07-13,50.32444763183594,64.59599304199219,54.88484191894531,33.94812774658203,174.892822265625
2015-07-14,50.59001922607422,64.96583557128906,55.12303161621094,34.021705627441406,175.65145874023438
2015-07-15,50.445858001708984,64.8425521850586,55.08899688720703,33.99718475341797,175.59310913085938
2015-07-16,50.79490661621094,65.21238708496094,55.48031997680664,34.2178955078125,177.0021514892578
2015-07-17,50.79490661621094,65.21238708496094,55.863094329833984,34.14432907104492,177.1522216796875
2015-07-20,50.73421096801758,65.42369842529297,55.982200622558594,34.16066360473633,177.24388122558594
2015-07-21,50.40790557861328,65.05387878417969,55.820560455322266,34.005367279052734,176.5435791015625
2015-07-22,50.40790557861328,65.08028411865234,55.59087371826172,34.054412841796875,176.22671508789062
2015-07-23,50.203033447265625,64.75450897216797,55.29315185546875,33.841888427734375,175.23460388183594
2015-07-24,49.89950942993164,64.60478973388672,54.46800994873047,33.71926498413086,173.4170379638672
2015-07-27,49.193817138671875,64.10291290283203,54.11923599243164,33.629329681396484,172.40826416015625
2015-07-28,49.80086135864258,64.92176818847656,54.84230422973633,33.980831146240234,174.52593994140625
2015-07-29,50.263729095458984,65.3444595336914,55.301658630371094,34.20972442626953,175.72657775878906
2015-07-30,50.19544982910156,65.2828369140625,55.48031997680664,34.226070404052734,175.7682342529297
2015-07-31,50.013336181640625,65.2916259765625,55.3101692199707,34.28327941894531,175.50140380859375
2015-08-03,49.9070930480957,65.2211685180664,55.08899688720703,34.31597900390625,174.90943908691406
2015-08-04,49.69462966918945,64.9746322631836,55.106021881103516,34.291465759277344,174.56761169433594
2015-08-05,49.8084602355957,65.23877716064453,55.55685043334961,34.495819091796875,175.14292907714844
2015-08-06,49.60356903076172,64.06766510009766,54.88484191894531,34.291465759277344,173.7089080810547
2015-08-07,49.60356903076172,64.02364349365234,54.76573944091797,34.28327941894531,173.37538146972656
2015-08-10,50.096805572509766,64.50794982910156,55.39524459838867,34.50400161743164,175.55978393554688
2015-08-11,49.55804443359375,64.12052917480469,54.96139907836914,34.43042755126953,173.9757080078125
2015-08-12,49.58079147338867,63.91798782348633,55.03795623779297,34.52851486206055,174.18414306640625
2015-08-13,49.80086135864258,64.14692687988281,55.04646301269531,34.536685943603516,173.96737670898438
2015-08-14,49.78569412231445,64.30542755126953,55.174076080322266,34.700164794921875,174.60098266601562
2015-08-17,49.96779251098633,64.95701599121094,55.463287353515625,34.84730911254883,175.576416015625
2015-08-18,49.9070930480957,64.86895751953125,55.39524459838867,34.83912658691406,175.06784057617188
2015-08-19,49.504920959472656,64.6136245727539,55.18258285522461,34.71651840209961,173.6838836669922
2015-08-20,48.51846694946289,63.02864456176758,54.034175872802734,34.2178955078125,170.05714416503906
2015-08-21,47.16019821166992,60.932979583740234,52.12868881225586,33.33506774902344,164.93800354003906
2015-08-24,45.308692932128906,58.52030563354492,50.13813400268555,32.084388732910156,157.9929656982422
2015-08-25,45.52116394042969,58.361812591552734,49.55117416381836,31.536706924438477,156.1337127685547
2015-08-26,45.946102142333984,60.6776237487793,51.83095932006836,32.49310302734375,162.12835693359375
2015-08-27,47.008426666259766,62.16571044921875,52.87727355957031,33.089820861816406,166.13853454589844
2015-08-28,47.15260696411133,62.05124282836914,52.89426803588867,33.057125091552734,166.14691162109375
2015-08-31,47.12225341796875,61.37321472167969,52.315826416015625,32.73015594482422,164.80455017089844
2015-09-01,45.57427215576172,59.70903015136719,50.88671112060547,31.95358657836914,159.88555908203125
2015-09-02,45.968849182128906,61.05624008178711,51.771400451660156,32.41135787963867,162.92037963867188
2015-09-03,46.59867477416992,61.04744338989258,51.881988525390625,32.484928131103516,163.03704833984375
2015-09-04,45.9764518737793,60.43988800048828,51.14191818237305,32.04351043701172,160.56927490234375
2015-09-08,46.94013214111328,61.91035461425781,52.392391204833984,32.71380615234375,164.60446166992188
2015-09-09,46.636619567871094,61.07383728027344,51.54173278808594,32.26420974731445,162.40345764160156
2015-09-10,46.629024505615234,61.408470153808594,51.87348937988281,32.33778762817383,163.28717041015625
2015-09-11,46.75802993774414,62.13929748535156,52.196739196777344,32.542152404785156,164.02923583984375
2015-09-14,46.606266021728516,61.78709411621094,51.984073638916016,32.45222473144531,163.4206085205078
2015-09-15,47.380245208740234,62.579566955566406,52.65609359741211,32.77102279663086,165.46328735351562
2015-09-16,47.797603607177734,63.011024475097656,53.01339340209961,33.0407829284668,166.89724731445312
2015-09-17,47.72929763793945,63.1783447265625,52.95383071899414,33.12252426147461,166.52207946777344
2015-09-18,46.59867477416992,62.2625846862793,52.154197692871094,32.803733825683594,163.80084228515625
2015-09-21,46.85667037963867,62.69403076171875,52.38389205932617,33.00808334350586,164.64732360839844
2015-09-22,45.9764518737793,61.98081588745117,51.950035095214844,32.66476058959961,162.51022338867188
2015-09-23,45.90815353393555,62.0600700378418,51.83095932006836,32.73015594482422,162.25045776367188
2015-09-24,45.763980865478516,61.593360900878906,51.68632507324219,32.705631256103516,161.66372680664062
2015-09-25,45.77924728393555,61.228763580322266,51.73161697387695,32.715511322021484,161.62188720703125
2015-09-28,44.611289978027344,59.322017669677734,50.59550094604492,32.05821990966797,157.56558227539062
2015-09-29,44.63419723510742,58.880615234375,50.74925994873047,32.123958587646484,157.65780639648438
2015-09-30,45.77159881591797,60.213623046875,51.63764953613281,32.52652359008789,160.5994415283203
2015-10-01,45.56549835205078,60.72560119628906,51.62910842895508,32.56761932373047,161.0184783935547
2015-10-02,46.19145202636719,61.60837173461914,52.312496185302734,32.978389739990234,163.4237518310547
2015-10-05,47.54261779785156,62.252811431884766,53.14107894897461,33.44668197631836,166.33184814453125
2015-10-06,47.52735900878906,61.45831298828125,52.95315170288086,33.19200134277344,165.76194763183594
2015-10-07,48.054080963134766,61.643680572509766,53.38026809692383,33.43027114868164,167.11964416503906
2015-10-08,48.596092224121094,62.058616638183594,53.90133285522461,33.684959411621094,168.62818908691406
2015-10-09,48.51974868774414,62.39406204223633,53.94404220581055,33.75067901611328,168.72874450683594
2015-10-12,48.557918548583984,62.632381439208984,53.8842658996582,33.85749435424805,168.88796997070312
2015-10-13,48.3365364074707,62.279296875,53.491310119628906,33.70962142944336,167.8236083984375
2015-10-14,48.14567947387695,61.78493881225586,53.166709899902344,33.47957229614258,167.01905822753906
2015-10-15,48.68768310546875,62.641212463378906,53.97821044921875,33.841060638427734,169.5835723876953
2015-10-16,48.73347473144531,63.16204833984375,54.28573226928711,34.112178802490234,170.3545684814453
2015-10-19,48.82508087158203,63.453369140625,54.354068756103516,34.18613052368164,170.4383544921875
2015-10-20,48.76402282714844,62.914878845214844,54.37117004394531,34.12861251831055,170.2205047607422
2015-10-21,48.313629150390625,62.411705017089844,54.2430305480957,34.00538635253906,169.1645050048828
2015-10-22,48.98540115356445,62.82659149169922,55.45601272583008,34.49833297729492,172.0222930908203
2015-10-23,49.382354736328125,63.65639877319336,55.97709274291992,34.51476287841797,173.90798950195312
2015-10-26,49.06173324584961,64.009521484375,55.92584228515625,34.53119659423828,173.48062133789062
2015-10-27,48.76402282714844,64.2302017211914,55.80624008178711,34.48188400268555,173.14532470703125
2015-10-28,49.54265213012695,64.75103759765625,56.36149597167969,34.6790771484375,175.11480712890625
2015-10-29,49.283119201660156,64.85697937011719,56.31879425048828,34.6790771484375,175.01425170898438
2015-10-30,49.115169525146484,64.61861419677734,56.10521697998047,34.47367477416992,174.25997924804688
2015-11-02,49.748756408691406,64.94523620605469,56.651920318603516,34.785892486572266,176.3216552734375
2015-11-03,49.80983352661133,64.81278991699219,56.925270080566406,34.753021240234375,176.83290100097656
2015-11-04,49.49684524536133,64.83048248291016,56.75444793701172,34.670860290527344,176.29647827148438
2015-11-05,49.489219665527344,65.2630386352539,56.5067138671875,34.61334991455078,176.12049865722656
2015-11-06,49.63425827026367,64.85697937011719,56.523799896240234,34.33401870727539,176.0282745361328
2015-11-09,49.084632873535156,64.27434539794922,55.900211334228516,34.08753204345703,174.3856658935547
2015-11-10,49.22967529296875,64.72454833984375,56.01982116699219,34.25185775756836,174.78793334960938
2015-11-11,48.893798828125,64.63628387451172,55.883121490478516,34.24363708496094,174.1007080078125
2015-11-12,48.30599594116211,63.76235580444336,55.105796813964844,33.841060638427734,171.67030334472656
2015-11-13,47.56553268432617,62.72065734863281,54.43949890136719,33.53705978393555,169.74281311035156
2015-11-16,48.12277603149414,63.532833099365234,55.26809310913086,34.030029296875,172.32406616210938
2015-11-17,48.054080963134766,63.7888069152832,55.285179138183594,33.98895263671875,172.19834899902344
2015-11-18,48.855628967285156,64.88345336914062,56.1479377746582,34.38330078125,174.93043518066406
2015-11-19,48.66478729248047,64.4862060546875,56.1650276184082,34.39152526855469,174.77960205078125
2015-11-20,48.741127014160156,65.12179565429688,56.438385009765625,34.48188400268555,175.41650390625
2015-11-23,48.702945709228516,65.2630386352539,56.49815368652344,34.48188400268555,175.21534729003906
2015-11-24,48.83272171020508,65.19242858886719,56.5323371887207,34.490108489990234,175.4501190185547
2015-11-25,48.84034729003906,65.41311645507812,56.5750617980957,34.49833297729492,175.42494201660156
2015-11-27,48.87852096557617,65.55435943603516,56.643375396728516,34.564064025878906,175.6260528564453
2015-11-30,48.7792854309082,64.96290588378906,56.35295867919922,34.399742126464844,174.8969268798828
2015-12-01,49.21440887451172,65.71324157714844,56.728797912597656,34.76946258544922,176.564697265625
2015-12-02,48.74876022338867,65.3689956665039,56.284603118896484,34.4408073425293,174.7628631591797
2015-12-03,48.038818359375,64.30081176757812,55.438926696777344,33.98895263671875,172.31564331054688
2015-12-04,48.94723129272461,65.71324157714844,56.67755889892578,34.670860290527344,175.67633056640625
2015-12-07,48.565547943115234,65.4395980834961,56.38711166381836,34.61334991455078,174.61199951171875
2015-12-08,48.00065231323242,65.51022338867188,56.0625,34.5394172668457,173.43870544433594
2015-12-09,47.68766403198242,64.5921630859375,55.55852508544922,34.24363708496094,172.08941650390625
2015-12-10,48.30599594116211,64.64510345458984,55.72936248779297,34.22718811035156,172.53358459472656
2015-12-11,47.05406188964844,63.532833099365234,54.61888122558594,33.81640625,169.1896514892578
2015-12-14,46.83269119262695,64.19490814208984,54.98618698120117,34.0546760559082,170.0444793701172
2015-12-15,47.664756774902344,64.57447052001953,55.49018096923828,34.342220306396484,171.82955932617188
2015-12-16,48.3365364074707,65.58966064453125,56.19063949584961,34.83517837524414,174.34378051757812
2015-12-17,47.51973342895508,64.83928680419922,55.40476989746094,34.48188400268555,171.68711853027344
2015-12-18,46.962459564208984,63.850616455078125,54.37969207763672,33.98895263671875,168.62850952148438
2015-12-21,47.16858673095703,64.41559600830078,54.85806655883789,34.2189826965332,170.01959228515625
2015-12-22,47.67239761352539,64.78634643554688,55.31934356689453,34.48188400268555,171.56228637695312
2015-12-23,48.420501708984375,65.17476654052734,55.96002197265625,34.81053924560547,173.68682861328125
2015-12-24,48.4312629699707,65.01721954345703,55.899967193603516,34.77994155883789,173.4002227783203
2015-12-28,47.97777557373047,65.18537902832031,55.76272201538086,34.79648971557617,173.0039825439453
2015-12-29,48.57456970214844,65.97320556640625,56.35457229614258,35.08583068847656,174.8502197265625
2015-12-30,48.15158462524414,65.61913299560547,55.97716522216797,34.937015533447266,173.6109619140625
2015-12-31,47.86703109741211,64.87557983398438,55.38531494140625,34.573272705078125,171.87428283691406
2016-01-04,47.051815032958984,63.565486907958984,54.570438385009766,34.143375396728516,169.47154235839844
2016-01-05,47.12871551513672,63.8664436340332,54.71626663208008,34.37485885620117,169.7581787109375
2016-01-06,46.26736068725586,63.53007125854492,54.064353942871094,34.1599006652832,167.6168212890625
2016-01-07,45.26757049560547,62.113792419433594,52.777732849121094,33.60601043701172,163.59544372558594
2016-01-08,44.775360107421875,61.520687103271484,52.17729949951172,33.267066955566406,161.79969787597656
2016-01-11,44.49848937988281,61.89249801635742,52.25450134277344,33.3166618347168,161.9599151611328
2016-01-12,44.82149887084961,62.55636978149414,52.78630828857422,33.490264892578125,163.2666015625
2016-01-13,43.652503967285156,60.626678466796875,51.594032287597656,32.96116638183594,159.19467163085938
2016-01-14,44.083194732666016,61.308258056640625,52.36600112915039,33.30012893676758,161.8081817626953
2016-01-15,42.93727493286133,60.148658752441406,51.336708068847656,32.87022399902344,158.33473205566406
2016-01-19,42.568119049072266,60.57354736328125,51.39674758911133,33.09343719482422,158.5455322265625
2016-01-20,42.1066780090332,60.00704574584961,50.76199722290039,32.58087921142578,156.5137481689453
2016-01-21,42.29127883911133,60.21062469482422,50.985023498535156,32.68009567260742,157.39053344726562
2016-01-22,42.97573471069336,61.396766662597656,52.09153747558594,33.30012893676758,160.61940002441406
2016-01-25,42.1758918762207,60.741722106933594,51.29381561279297,33.01904296875,158.19139099121094
2016-01-26,42.92958068847656,61.272850036621094,52.05722427368164,33.44892501831055,160.349609375
2016-01-27,42.76808166503906,60.3610954284668,51.40532302856445,33.258785247802734,158.60459899902344
2016-01-28,42.67579650878906,61.23744583129883,51.58544921875,33.30012893676758,159.43072509765625
2016-01-29,43.714046478271484,62.405906677246094,52.82919692993164,34.09377670288086,163.31724548339844
2016-02-01,44.02935028076172,62.742271423339844,52.8720817565918,34.21779251098633,163.25819396972656
2016-02-02,42.69116973876953,61.84822082519531,51.988590240478516,33.86228561401367,160.31593322753906
2016-02-03,42.96035385131836,61.20206069946289,52.36600112915039,33.944969177246094,161.27703857421875
2016-02-04,43.183387756347656,60.5823974609375,52.468936920166016,33.84575653076172,161.52996826171875
2016-02-05,42.70656204223633,58.76775360107422,51.5168342590332,33.44892501831055,158.4527587890625
2016-02-08,41.9990119934082,57.431121826171875,50.985023498535156,33.1430549621582,156.31983947753906
2016-02-09,41.87596130371094,57.740943908691406,51.11368179321289,33.15131378173828,156.32827758789062
2016-02-10,41.83750915527344,58.36942672729492,51.17372131347656,33.23398208618164,156.19337463378906
2016-02-11,41.17610168457031,57.91796875,50.54756164550781,32.93636703491211,154.16165161132812
2016-02-12,42.2681999206543,58.70579147338867,51.43962478637695,33.39106369018555,157.33995056152344
2016-02-16,43.244903564453125,59.714908599853516,52.263084411621094,33.79616165161133,159.99554443359375
2016-02-17,44.02935028076172,60.67090606689453,53.03505325317383,34.11030578613281,162.60911560058594
2016-02-18,43.81401824951172,60.16636657714844,52.923545837402344,34.18470764160156,161.9430694580078
2016-02-19,43.590980529785156,60.51158142089844,52.8720817565918,34.209510803222656,161.86721801757812
2016-02-22,44.50617980957031,61.423343658447266,53.49824523925781,34.540191650390625,164.21090698242188
2016-02-23,43.89093017578125,61.12239074707031,52.914974212646484,34.37485885620117,162.136962890625
2016-02-24,44.083194732666016,61.4764289855957,53.198036193847656,34.53193664550781,162.8788299560547
2016-02-25,44.621543884277344,62.405906677246094,53.76414108276367,34.95356369018555,164.8516082763672
2016-02-26,44.629234313964844,62.19345474243164,53.5411491394043,34.68074035644531,164.47216796875
2016-02-29,44.50617980957031,61.60921096801758,53.14656066894531,34.44925308227539,163.1823272705078
2016-03-01,45.398319244384766,63.02550506591797,54.34742736816406,34.97834014892578,167.0182647705078
2016-03-02,45.7443962097168,62.901611328125,54.4417839050293,35.08583068847656,167.76856994628906
2016-03-03,46.09047317504883,62.857337951660156,54.51039505004883,35.15196990966797,168.42617797851562
2016-03-04,46.228904724121094,62.76883316040039,54.630489349365234,35.22636795043945,168.97412109375
2016-03-07,46.62112808227539,62.104923248291016,54.664791107177734,35.2098388671875,169.10902404785156
2016-03-08,45.6905517578125,61.87477493286133,54.304542541503906,35.09409713745117,167.26275634765625
2016-03-09,46.136619567871094,62.18459701538086,54.407466888427734,35.2098388671875,168.0889892578125
2016-03-10,46.26736068725586,62.25542068481445,54.450355529785156,35.25944519042969,168.22384643554688
2016-03-11,47.16717529296875,63.246829986572266,55.23090744018555,35.672794342041016,170.9385223388672
2016-03-14,46.99029541015625,63.37959289550781,55.22233581542969,35.68106460571289,170.7192840576172
2016-03-15,46.71342086791992,63.344200134277344,55.28237533569336,35.664527893066406,170.4410400390625
2016-03-16,47.08257293701172,63.689422607421875,55.53114318847656,35.838134765625,171.4274444580078
2016-03-17,47.36712646484375,63.654022216796875,55.96857833862305,36.04481887817383,172.51499938964844
2016-03-18,47.75934982299805,63.777931213378906,56.09724426269531,36.11095428466797,173.1929473876953
2016-03-21,47.80548858642578,63.89302444458008,56.21733474731445,36.0778923034668,173.4386749267578
2016-03-22,47.751651763916016,63.919578552246094,56.19161605834961,36.02001953125,173.34539794921875
2016-03-23,46.78264236450195,63.84059143066406,55.651206970214844,35.961036682128906,172.20147705078125
2016-03-24,46.71342086791992,63.82284164428711,55.58259582519531,35.961036682128906,172.12521362304688
2016-03-28,46.75186538696289,64.00920104980469,55.6597785949707,36.04410934448242,172.22686767578125
2016-03-29,47.097957611083984,64.73697662353516,56.148719787597656,36.47606658935547,173.82005310058594
2016-03-30,47.29791259765625,65.0564956665039,56.43178176879883,36.54252624511719,174.58265686035156
2016-03-31,47.182559967041016,64.87899780273438,56.28594970703125,36.49267578125,174.15896606445312
2016-04-01,47.24407958984375,65.58903503417969,56.71482467651367,36.800048828125,175.34532165527344
2016-04-04,46.93645095825195,65.26062774658203,56.51754379272461,36.73359298706055,174.77757263183594
2016-04-05,46.451942443847656,64.58609008789062,56.12297439575195,36.42620849609375,173.03189086914062
2016-04-06,46.94414520263672,65.3848876953125,56.6547966003418,36.69204330444336,174.921630859375
2016-04-07,46.28273010253906,64.7547378540039,56.045780181884766,36.451148986816406,172.82852172851562
2016-04-08,46.405792236328125,64.64825439453125,56.18303680419922,36.53422164916992,173.2946014404297
2016-04-11,46.33657455444336,64.24885559082031,56.037200927734375,36.393001556396484,172.88784790039062
2016-04-12,46.80571365356445,64.6216049194336,56.54328155517578,36.617279052734375,174.49790954589844
2016-04-13,47.53633499145508,64.98550415039062,57.015052795410156,36.62559127807617,176.26051330566406
2016-04-14,47.48249053955078,64.92334747314453,56.98932647705078,36.55914306640625,176.26901245117188
2016-04-15,47.313297271728516,65.0742416381836,56.997886657714844,36.66712188720703,176.07403564453125
2016-04-18,47.69783401489258,65.5446548461914,57.349571228027344,36.924644470214844,177.31129455566406
2016-04-19,48.12851333618164,65.31388092041016,57.47822570800781,36.999420166015625,177.87060546875
2016-04-20,48.45152282714844,65.42927551269531,57.435340881347656,36.791751861572266,178.04005432128906
2016-04-21,48.20542907714844,65.00325012207031,57.10082244873047,36.35146713256836,177.08250427246094
2016-04-22,48.466922760009766,64.58609008789062,57.04935073852539,36.4677734375,177.08250427246094
2016-04-25,48.243865966796875,64.70148468017578,57.006473541259766,36.55083084106445,176.7774200439453
2016-04-26,48.48997497558594,64.6304702758789,57.09224319458008,36.52592849731445,177.04013061523438
2016-04-27,48.75146484375,64.6216049194336,57.12656021118164,36.650508880615234,177.404541015625
2016-04-28,48.220794677734375,64.36422729492188,56.59474563598633,36.484371185302734,175.7944793701172
2016-04-29,47.53633499145508,64.47074127197266,56.06293487548828,36.35977554321289,174.84532165527344
2016-05-02,47.70552444458008,65.28726196289062,56.569007873535156,36.675437927246094,176.23513793945312
2016-05-03,47.151798248291016,64.84349822998047,56.12297439575195,36.55083084106445,174.70127868652344
2016-05-04,46.651893615722656,64.7813720703125,55.771297454833984,36.59237289428711,173.7268524169922
2016-05-05,46.536537170410156,64.67487335205078,55.797035217285156,36.617279052734375,173.69287109375
2016-05-06,46.74418640136719,65.08314514160156,55.92569351196289,36.73359298706055,174.3284912109375
2016-05-09,46.63650894165039,65.5446548461914,56.045780181884766,36.89142990112305,174.47247314453125
2016-05-10,47.24407958984375,66.42330932617188,56.68051528930664,37.19877624511719,176.6418914794922
2016-05-11,46.75186538696289,65.70440673828125,56.08009338378906,36.89142990112305,174.9894256591797
2016-05-12,46.582679748535156,65.86416625976562,56.19161605834961,37.007720947265625,175.04029846191406
2016-05-13,46.136619567871094,65.50025177001953,55.69409942626953,36.75850296020508,173.51490783691406
2016-05-16,46.68266296386719,65.92631530761719,56.22590255737305,37.074180603027344,175.22666931152344
2016-05-17,46.44424057006836,65.01211547851562,55.702674865722656,36.567447662353516,173.59120178222656
2016-05-18,46.482704162597656,64.99436950683594,55.61689758300781,36.35146713256836,173.6420135498047
2016-05-19,46.482704162597656,64.77247619628906,55.38531494140625,36.33485794067383,173.0403594970703
2016-05-20,46.90568923950195,65.0654067993164,55.642642974853516,36.417930603027344,174.13356018066406
2016-05-23,46.89800262451172,64.79911804199219,55.548282623291016,36.32655715942383,173.8962860107422
2016-05-24,47.513267517089844,65.83755493164062,56.3974723815918,36.69204330444336,176.1503448486328
2016-05-25,47.990081787109375,65.873046875,56.637638092041016,36.75850296020508,177.3451690673828
2016-05-26,47.95162582397461,66.00614929199219,56.62047576904297,36.86650085449219,177.39601135253906
2016-05-27,48.16696548461914,66.2280502319336,56.817752838134766,36.95787811279297,178.15869140625
2016-05-31,48.2361946105957,66.05054473876953,56.663360595703125,36.932952880859375,177.81971740722656
2016-06-01,48.220794677734375,66.23693084716797,56.7491455078125,36.999420166015625,178.1841278076172
2016-06-02,48.413063049316406,66.41444396972656,56.792030334472656,37.1489372253418,178.72645568847656
2016-06-03,48.143898010253906,66.67182922363281,56.68051528930664,37.24032211303711,178.19261169433594
2016-06-06,48.466922760009766,66.63631439208984,57.04079055786133,37.21539306640625,179.09934997558594
2016-06-07,48.674564361572266,66.65406036376953,56.997886657714844,37.26523208618164,179.3789520263672
2016-06-08,48.789913177490234,67.06233215332031,57.16944122314453,37.4646110534668,179.96371459960938
2016-06-09,48.651485443115234,67.31084442138672,57.10082244873047,37.58091735839844,179.7179412841797
2016-06-10,48.090049743652344,66.92034149169922,56.637638092041016,37.43137741088867,178.0146484375
2016-06-13,47.574771881103516,66.49431610107422,56.19161605834961,37.21539306640625,176.6418914794922
2016-06-14,47.267154693603516,66.56532287597656,56.1143913269043,37.26523208618164,176.29440307617188
2016-06-15,47.27484130859375,66.41444396972656,55.96000671386719,37.21539306640625,176.0486602783203
2016-06-16,47.259464263916016,66.68069458007812,56.243072509765625,37.40645980834961,176.57406616210938
2016-06-17,47.374820709228516,66.26355743408203,56.02003860473633,37.24032211303711,175.91647338867188
2016-06-20,47.674766540527344,66.65406036376953,56.38032150268555,37.398155212402344,177.04940795898438
2016-06-21,47.75517272949219,66.78938293457031,56.489009857177734,37.521751403808594,177.55197143554688
2016-06-22,47.670127868652344,66.62915802001953,56.40273666381836,37.51338195800781,177.2623291015625
2016-06-23,48.42789077758789,67.234375,57.118770599365234,37.83910369873047,179.5707550048828
2016-06-24,46.41748046875,65.81031799316406,55.143192291259766,37.17099380493164,173.12254333496094
2016-06-27,45.188026428222656,65.49878692626953,54.29777908325195,36.987281799316406,170.02194213867188
2016-06-28,46.08498001098633,66.2998275756836,55.194969177246094,37.429893493652344,173.08843994140625
2016-06-29,46.93555450439453,67.05636596679688,56.10080337524414,37.93095779418945,176.0356903076172
2016-06-30,47.654659271240234,67.99982452392578,56.93760299682617,38.590694427490234,178.4378204345703
2016-07-01,47.75517272949219,68.06211853027344,57.04111862182617,38.65751647949219,178.8126220703125
2016-07-05,47.09018325805664,68.2846450805664,56.704689025878906,38.766056060791016,177.52642822265625
2016-07-06,47.42268753051758,68.7029800415039,56.93760299682617,38.85792541503906,178.59112548828125
2016-07-07,47.476806640625,68.33804321289062,56.90309524536133,38.6742057800293,178.48037719726562
2016-07-08,48.35831069946289,69.15689849853516,57.688140869140625,39.10845184326172,181.1380615234375
2016-07-11,48.57481002807617,69.2992935180664,57.843421936035156,39.141876220703125,181.7769012451172
2016-07-12,49.208858489990234,69.13907623291016,58.154014587402344,39.05000686645508,183.09727478027344
2016-07-13,49.224327087402344,69.24589538574219,58.14535903930664,39.19197463989258,183.07168579101562
2016-07-14,49.56455612182617,69.37051391601562,58.412803649902344,39.250431060791016,184.09390258789062
2016-07-15,49.556819915771484,69.29039764404297,58.42143630981445,39.17527389526367,183.8468475341797
2016-07-18,49.71146774291992,69.44169616699219,58.52495574951172,39.15022277832031,184.34088134765625
2016-07-19,49.61867904663086,69.60189056396484,58.55946731567383,39.19197463989258,184.15350341796875
2016-07-20,49.91250991821289,69.72654724121094,58.826900482177734,39.21701431274414,184.92010498046875
2016-07-21,49.73466873168945,69.37940216064453,58.593971252441406,39.16693115234375,184.22164916992188
2016-07-22,49.95889663696289,69.86006164550781,58.878662109375,39.400753021240234,185.04788208007812
2016-07-25,49.85838317871094,69.67313385009766,58.792388916015625,39.292198181152344,184.54531860351562
2016-07-26,49.9975700378418,69.45063018798828,58.645748138427734,39.21701431274414,184.6304931640625
2016-07-27,49.96662902832031,69.21920013427734,58.61124801635742,38.991546630859375,184.4346160888672
2016-07-28,49.804256439208984,69.54851531982422,58.62847137451172,39.07505798339844,184.64752197265625
2016-07-29,49.81199645996094,69.82442474365234,58.671627044677734,39.15858840942383,184.94569396972656
2016-08-01,49.58774185180664,69.93125915527344,58.61124801635742,39.21701431274414,184.79238891601562
2016-08-02,48.96143341064453,69.62859344482422,58.395565032958984,39.04164505004883,183.60838317871094
2016-08-03,49.34032440185547,69.35271453857422,58.48182678222656,38.74937438964844,184.14498901367188
2016-08-04,49.348052978515625,69.50403594970703,58.46456527709961,38.86628723144531,184.34088134765625
2016-08-05,49.98210144042969,69.72654724121094,58.956295013427734,38.98319625854492,185.84860229492188
2016-08-08,49.951171875,69.55743408203125,58.921810150146484,38.882991790771484,185.7378692626953
2016-08-09,49.9975700378418,69.73540496826172,58.878662109375,38.96650314331055,185.84860229492188
2016-08-10,49.75012969970703,69.84223937988281,58.77513885498047,38.991546630859375,185.38861083984375
2016-08-11,50.11355209350586,70.05584716796875,59.08570098876953,39.05836868286133,186.2489776611328
2016-08-12,50.08262252807617,70.0291519165039,59.0080680847168,39.00826644897461,186.08709716796875
2016-08-15,50.422847747802734,69.83333587646484,59.171974182128906,38.949790954589844,186.6237335205078
2016-08-16,50.2449951171875,69.15689849853516,58.80962371826172,38.59904098510742,185.66123962402344
2016-08-17,50.237266540527344,69.38831329345703,58.98217010498047,38.6909065246582,186.0104217529297
2016-08-18,50.422847747802734,69.41500854492188,59.025325775146484,38.8161735534668,186.42782592773438
2016-08-19,50.39191436767578,69.18360900878906,59.016685485839844,38.682559967041016,186.15524291992188
2016-08-22,50.30686569213867,69.281494140625,58.98217010498047,38.73265838623047,186.146728515625
2016-08-23,50.55430603027344,69.3171157836914,59.111595153808594,38.73265838623047,186.52157592773438
2016-08-24,50.283660888671875,68.92548370361328,58.87003707885742,38.540592193603516,185.56753540039062
2016-08-25,50.214073181152344,68.88986206054688,58.87003707885742,38.54894256591797,185.4397430419922
2016-08-26,50.14447784423828,68.68514251708984,58.69750213623047,38.36521911621094,185.09048461914062
2016-08-29,50.461517333984375,69.13019561767578,58.90453338623047,38.62410354614258,186.00193786621094
2016-08-30,50.47697830200195,68.83647155761719,58.69750213623047,38.40696334838867,185.6953125
2016-08-31,50.430580139160156,68.78307342529297,58.542205810546875,38.390281677246094,185.16714477539062
2016-09-01,50.283660888671875,68.89879608154297,58.49907302856445,38.40696334838867,185.17568969726562
2016-09-02,50.56977462768555,69.263671875,58.77513885498047,38.64080047607422,186.0104217529297
2016-09-06,50.6702880859375,69.66421508789062,58.84416961669922,38.77442932128906,186.57264709472656
2016-09-07,50.77853775024414,69.47730255126953,58.852787017822266,38.74937438964844,186.5556182861328
2016-09-08,50.74760437011719,69.14797973632812,58.602596282958984,38.53223419189453,186.1296844482422
2016-09-09,49.603206634521484,67.29667663574219,57.27406311035156,37.496700286865234,181.67471313476562
2016-09-12,50.36098861694336,68.31134033203125,58.03322982788086,38.031166076660156,184.28121948242188
2016-09-13,49.78104782104492,67.3589859008789,57.36032485961914,37.48834991455078,181.6321258544922
2016-09-14,49.572288513183594,67.45687866210938,57.36032485961914,37.43824768066406,181.56398010253906
2016-09-15,50.20634078979492,68.08881378173828,57.92107391357422,37.77228927612305,183.37831115722656
2016-09-16,50.129005432128906,67.99982452392578,57.66225051879883,37.67205047607422,182.66949462890625
2016-09-19,50.159950256347656,68.09774017333984,57.731292724609375,37.755577087402344,182.7037353515625
2016-09-20,50.098087310791016,68.16893005371094,57.80030059814453,37.79733657836914,182.7122802734375
2016-09-21,50.62389373779297,69.13019561767578,58.412803649902344,38.31510543823242,184.76695251464844
2016-09-22,50.879051208496094,69.65530395507812,58.7233772277832,38.55729675292969,185.9312744140625
2016-09-23,50.6702880859375,69.34381866455078,58.352413177490234,38.390281677246094,184.91249084472656
2016-09-26,50.082454681396484,68.90782165527344,57.96249008178711,38.18373489379883,183.41427612304688
2016-09-27,50.41679382324219,69.35452270507812,58.29175567626953,38.3012809753418,184.55294799804688
2016-09-28,50.71227264404297,69.46171569824219,58.46506881713867,38.33485794067383,185.46893310546875
2016-09-29,50.144657135009766,68.88102722167969,57.95381164550781,37.973846435546875,183.7909698486328
2016-09-30,50.75892639160156,69.12223815917969,58.482398986816406,38.141754150390625,185.17784118652344
2016-10-03,50.65006637573242,68.87208557128906,58.300437927246094,37.87308120727539,184.73265075683594
2016-10-04,50.533447265625,68.20203399658203,57.92780303955078,37.50366973876953,183.7909698486328
2016-10-05,50.97663497924805,68.15736389160156,58.14447021484375,37.41972351074219,184.60430908203125
2016-10-06,50.961097717285156,68.36284637451172,58.196449279785156,37.44489669799805,184.73265075683594
2016-10-07,50.68117141723633,68.09480285644531,58.023136138916016,37.40293502807617,184.09915161132812
2016-10-10,51.02329635620117,68.39859008789062,58.30908966064453,37.58763885498047,185.05807495117188
2016-10-11,50.3546028137207,67.54985046386719,57.667850494384766,37.117469787597656,182.7208251953125
2016-10-12,50.315711975097656,67.9965591430664,57.74584197998047,37.31058883666992,182.96054077148438
2016-10-13,50.082454681396484,67.9250717163086,57.615867614746094,37.33576965332031,182.36131286621094
2016-10-14,50.02802658081055,67.85363006591797,57.67650604248047,37.318965911865234,182.4554443359375
2016-10-17,49.90361404418945,67.72853088378906,57.58119201660156,37.235008239746094,181.82192993164062
2016-10-18,50.323482513427734,68.08590698242188,57.607208251953125,37.40293502807617,182.96054077148438
2016-10-19,50.39347457885742,68.05018615722656,57.711181640625,37.369346618652344,183.4485626220703
2016-10-20,50.362361907958984,67.96971893310547,57.529212951660156,37.235008239746094,183.10610961914062
2016-10-21,50.20686340332031,68.02336120605469,57.43388748168945,37.13427734375,183.19174194335938
2016-10-24,50.432350158691406,68.47900390625,57.69384765625,37.26020812988281,183.97080993652344
2016-10-25,50.24574279785156,68.09480285644531,57.43388748168945,37.18464279174805,183.35438537597656
2016-10-26,50.24574279785156,67.68385314941406,57.49455261230469,37.05030822753906,182.98629760742188
2016-10-27,50.05134963989258,67.24609375,57.26924514770508,36.790042877197266,182.4982452392578
2016-10-28,50.020240783691406,67.38903045654297,57.286582946777344,36.8656120300293,181.9589080810547
2016-10-31,50.15243148803711,67.7821273803711,57.286582946777344,37.092288970947266,181.9674530029297
2016-11-01,49.810298919677734,67.12994384765625,56.88796615600586,36.697689056396484,180.6490478515625
2016-11-02,49.63924026489258,66.66537475585938,56.602020263671875,36.638916015625,179.56179809570312
2016-11-03,49.35154724121094,66.2901611328125,56.472042083740234,36.554962158203125,178.73992919921875
2016-11-04,49.27378845214844,66.21869659423828,56.3767204284668,36.52137756347656,178.5430145263672
2016-11-07,50.377933502197266,67.54092407226562,57.56386947631836,37.109100341796875,182.4811248779297
2016-11-08,50.517879486083984,68.03231048583984,57.841182708740234,37.35255432128906,183.302978515625
2016-11-09,51.5364875793457,67.74639892578125,58.525726318359375,37.2434196472168,185.2463836669922
2016-11-10,52.12742614746094,66.87982177734375,58.603721618652344,37.05030822753906,185.70867919921875
2016-11-11,52.174072265625,66.79048156738281,58.543052673339844,36.991546630859375,185.2806396484375
2016-11-14,52.710601806640625,66.2455062866211,58.3870735168457,36.941165924072266,185.4261932373047
2016-11-15,53.1304817199707,66.87086486816406,58.63837814331055,37.15106964111328,186.8730010986328
2016-11-16,52.88167190551758,67.06742858886719,58.73371124267578,37.193031311035156,186.52197265625
2016-11-17,53.02162170410156,67.43370819091797,59.01096725463867,37.302181243896484,187.4808349609375
2016-11-18,52.91276550292969,67.24609375,58.90700912475586,37.20143127441406,187.0613250732422
2016-11-21,53.22378921508789,67.70173645019531,59.288265228271484,37.35255432128906,188.4739227294922
2016-11-22,53.418174743652344,67.93401336669922,59.47026062011719,37.4700927734375,188.84205627441406
2016-11-23,53.59701919555664,68.07696533203125,59.296939849853516,37.377742767333984,188.94483947753906
2016-11-25,53.77582550048828,68.19309997558594,59.539581298828125,37.5792350769043,189.6468048095703
2016-11-28,53.47257614135742,68.16629791259766,59.340274810791016,37.638031005859375,188.7563934326172
2016-11-29,53.50369644165039,68.4343032836914,59.357601165771484,37.79752731323242,189.1245880126953
2016-11-30,53.705867767333984,67.38011169433594,59.01096725463867,37.318965911865234,188.6708526611328
2016-12-01,53.78362274169922,66.11148834228516,58.81167221069336,37.008331298828125,187.97740173339844
2016-12-02,53.6903190612793,66.50460052490234,58.81167221069336,37.12586975097656,188.0716094970703
2016-12-05,53.99356460571289,66.99597930908203,59.071651458740234,37.21821594238281,189.20164489746094
2016-12-06,54.29682922363281,67.16570281982422,59.175628662109375,37.327354431152344,189.80093383789062
2016-12-07,55.16767501831055,68.0412368774414,59.955509185791016,37.789127349853516,192.28359985351562
2016-12-08,55.45537185668945,68.01441192626953,60.07683563232422,37.805931091308594,192.7545623779297
2016-12-09,55.75863265991211,68.21097564697266,60.39743423461914,38.04940414428711,193.91883850097656
2016-12-12,55.54869842529297,68.13056182861328,60.50141525268555,38.234100341796875,193.6963348388672
2016-12-13,55.86747741699219,68.69342041015625,60.93467330932617,38.427207946777344,194.989013671875
2016-12-14,55.346500396728516,68.2824478149414,60.440773010253906,38.04940414428711,193.37945556640625
2016-12-15,55.634212493896484,68.6308822631836,60.605403900146484,38.141754150390625,194.17564392089844
2016-12-16,55.447593688964844,68.4432601928711,60.579402923583984,38.28448486328125,193.7958984375
2016-12-19,55.55644226074219,68.67554473876953,60.700721740722656,38.41041946411133,194.2178955078125
2016-12-20,55.78194046020508,68.89891052246094,60.9000244140625,38.427207946777344,194.9670867919922
2016-12-21,55.69642639160156,68.81851196289062,60.74406433105469,38.3012809753418,194.42457580566406
2016-12-22,55.3535270690918,68.79154205322266,60.71094512939453,38.29450607299805,194.0886993408203
2016-12-23,55.501930236816406,68.9172592163086,60.75450134277344,38.35368728637695,194.3729248046875
2016-12-27,55.63471221923828,69.22254180908203,60.806739807128906,38.395957946777344,194.8551483154297
2016-12-28,55.103607177734375,68.51316833496094,60.371253967285156,38.1677131652832,193.24473571777344
2016-12-29,55.01769256591797,68.65686798095703,60.44094467163086,38.35368728637695,193.20169067382812
2016-12-30,54.822418212890625,68.1180648803711,60.188350677490234,38.22688293457031,192.49559020996094
2017-01-03,55.39258575439453,68.3156509399414,60.62384033203125,38.32832336425781,193.96810913085938
2017-01-04,55.978370666503906,68.71971893310547,60.96354293823242,38.50585174560547,195.1220703125
2017-01-05,55.67374801635742,68.9441909790039,60.902584075927734,38.548118591308594,194.9670867919922
2017-01-06,55.619075775146484,69.33927154541016,61.11163330078125,38.59883499145508,195.66465759277344
2017-01-09,55.41603469848633,69.31236267089844,60.806739807128906,38.41284942626953,195.0187530517578
2017-01-10,55.63471221923828,69.27643585205078,60.71094512939453,38.36213684082031,195.0187530517578
2017-01-11,55.65031814575195,69.50093841552734,60.74580001831055,38.48048782348633,195.5699005126953
2017-01-12,55.44725036621094,69.42008972167969,60.676116943359375,38.472023010253906,195.07907104492188
2017-01-13,55.47848129272461,69.59069061279297,60.676116943359375,38.49739074707031,195.52682495117188
2017-01-17,55.236366271972656,69.4290771484375,60.71094512939453,38.61574172973633,194.83792114257812
2017-01-18,55.34571838378906,69.6355972290039,60.81546401977539,38.64956283569336,195.26846313476562
2017-01-19,55.11140823364258,69.5547866821289,60.51058578491211,38.438228607177734,194.5450897216797
2017-01-20,55.19730758666992,69.698486328125,60.676116943359375,38.573486328125,195.2598876953125
2017-01-23,55.01769256591797,69.54582977294922,60.589019775390625,38.55656051635742,194.75184631347656
2017-01-24,55.59565734863281,70.11153411865234,60.998409271240234,38.64956283569336,196.00051879882812
2017-01-25,56.24394607543945,70.68621826171875,61.512298583984375,38.77635955810547,197.69696044921875
2017-01-26,56.09552764892578,70.58744812011719,61.364227294921875,38.717201232910156,197.4902801513672
2017-01-27,55.8534049987793,70.69519805908203,61.277122497558594,38.734100341796875,197.18028259277344
2017-01-30,55.501930236816406,70.2641830444336,61.007118225097656,38.61574172973633,195.9574432373047
2017-01-31,55.51755142211914,70.2641830444336,60.88517761230469,38.70873260498047,195.94017028808594
2017-02-01,55.9002571105957,70.42578125,60.79806137084961,38.44667053222656,196.0177001953125
2017-02-02,55.798736572265625,70.55149841308594,60.81546401977539,38.67491912841797,196.1468505859375
2017-02-03,56.376712799072266,70.83885192871094,61.25971221923828,38.8777961730957,197.49891662597656
2017-02-06,56.32984924316406,70.8029556274414,61.190006256103516,38.76790237426758,197.14584350585938
2017-02-07,56.20487976074219,71.01846313476562,61.28584289550781,38.86934280395508,197.1544647216797
2017-02-08,56.11115646362305,71.19801330566406,61.25971221923828,39.00460433959961,197.4127960205078
2017-02-09,56.49386215209961,71.33272552490234,61.56456756591797,39.173683166503906,198.58399963378906
2017-02-10,56.67351531982422,71.55721282958984,61.860713958740234,39.31737518310547,199.3676300048828
2017-02-13,57.09529495239258,71.77272033691406,62.2004280090332,39.44419479370117,200.45269775390625
2017-02-14,57.532676696777344,71.76371765136719,62.47042465209961,39.469547271728516,201.25355529785156
2017-02-15,57.91539764404297,72.1049575805664,62.862388610839844,39.62171173095703,202.30418395996094
2017-02-16,57.89196014404297,72.23067474365234,62.932090759277344,39.7907829284668,202.13197326660156
2017-02-17,57.931007385253906,72.32049560546875,63.193397521972656,39.82460403442383,202.45059204101562
2017-02-21,58.37620544433594,72.83228302001953,63.472129821777344,40.11201095581055,203.65615844726562
2017-02-22,58.235626220703125,72.90412902832031,63.463401794433594,40.12046813964844,203.47540283203125
2017-02-23,58.11848831176758,72.72455596923828,63.64632034301758,40.33181381225586,203.6131591796875
2017-02-24,58.17314910888672,72.87718963623047,63.8466796875,40.526241302490234,203.87156677246094
2017-02-27,58.38402557373047,73.02982330322266,63.83797073364258,40.450164794921875,204.19009399414062
2017-02-28,58.05598831176758,72.93106842041016,63.74211883544922,40.46705627441406,203.6389923095703
2017-03-01,58.82923889160156,73.6943130493164,64.57832336425781,40.7291145324707,206.48944091796875
2017-03-02,58.47775650024414,73.25432586669922,64.3431625366211,40.636131286621094,205.18911743164062
2017-03-03,58.60272979736328,73.37106323242188,64.31705474853516,40.56006622314453,205.31822204589844
2017-03-06,58.204383850097656,73.23638153076172,64.15153503417969,40.48397445678711,204.70684814453125
2017-03-07,57.860713958740234,73.23638153076172,63.986026763916016,40.41633987426758,204.09542846679688
2017-03-08,57.76700973510742,73.2094497680664,63.88151931762695,40.28108215332031,203.7165069580078
2017-03-09,57.63420867919922,73.33514404296875,63.88151931762695,40.29799270629883,203.97483825683594
2017-03-10,57.84510040283203,73.77515411376953,64.13409423828125,40.47551727294922,204.68963623046875
2017-03-13,57.75138473510742,74.03553009033203,64.14283752441406,40.543148040771484,204.79295349121094
2017-03-14,57.51704406738281,73.76615905761719,63.942466735839844,40.41633987426758,204.00930786132812
2017-03-15,57.98568344116211,74.4216537475586,64.53479766845703,40.813663482666016,205.77468872070312
2017-03-16,57.88416290283203,74.23310089111328,64.39542388916016,40.67839813232422,205.36996459960938
2017-03-17,57.626407623291016,74.41268157958984,64.38671875,40.7967529296875,205.00927734375
2017-03-20,57.470191955566406,74.4485855102539,64.29959869384766,40.70376205444336,204.7843780517578
2017-03-21,56.47044372558594,73.57759094238281,63.66374969482422,40.50933837890625,202.15509033203125
2017-03-22,56.67351531982422,73.96371459960938,63.785701751708984,40.568511962890625,202.6307373046875
2017-03-23,56.62665557861328,73.820068359375,63.707313537597656,40.543148040771484,202.41456604003906
2017-03-24,56.59995651245117,73.9776382446289,63.625892639160156,40.50834274291992,202.26748657226562
2017-03-27,56.56855773925781,73.88758087158203,63.51215362548828,40.431915283203125,202.0599365234375
2017-03-28,57.14962387084961,74.18475341796875,63.83595657348633,40.54230499267578,203.5302734375
2017-03-29,57.2988166809082,74.40084838867188,63.77470779418945,40.5338020324707,203.7205352783203
2017-03-30,57.565799713134766,74.42789459228516,63.8447265625,40.54230499267578,204.36923217773438
2017-03-31,57.416603088378906,74.42789459228516,63.71345138549805,40.51683044433594,203.89352416992188
2017-04-03,57.18888473510742,74.42789459228516,63.555885314941406,40.465885162353516,203.53892517089844
2017-04-04,57.22814178466797,74.38286590576172,63.53840637207031,40.48286819458008,203.6686248779297
2017-04-05,56.89832305908203,74.28382110595703,63.36336135864258,40.49985122680664,203.06324768066406
2017-04-06,57.13391876220703,74.41886901855469,63.51215362548828,40.48286819458008,203.63409423828125
2017-04-07,57.08680725097656,74.39186096191406,63.49464797973633,40.45738983154297,203.4264678955078
2017-04-10,57.14962387084961,74.37385559082031,63.49464797973633,40.51683044433594,203.54757690429688
2017-04-11,57.063236236572266,74.29281616210938,63.503387451171875,40.55928039550781,203.3053741455078
2017-04-12,56.741294860839844,74.013671875,63.30207443237305,40.50834274291992,202.41456604003906
2017-04-13,56.32509231567383,73.66246032714844,62.97826385498047,40.35551834106445,201.09982299804688
2017-04-17,56.741294860839844,74.4368896484375,63.450889587402344,40.61872482299805,202.881591796875
2017-04-18,56.51356506347656,74.39186096191406,63.24959182739258,40.62721252441406,202.2761688232422
2017-04-19,56.47431564331055,74.5089111328125,63.03078079223633,40.61872482299805,201.90420532226562
2017-04-20,57.055397033691406,74.94121551513672,63.48588562011719,40.746070861816406,203.54757690429688
2017-04-21,56.804107666015625,74.92317199707031,63.37212371826172,40.720603942871094,202.8988800048828
2017-04-24,57.48727798461914,75.6886215209961,63.90597152709961,41.0262565612793,205.13035583496094
2017-04-25,57.76209259033203,76.120849609375,64.3348159790039,41.145118713378906,206.3239288330078
2017-04-26,57.80923080444336,75.86870574951172,64.22105407714844,41.136634826660156,206.19419860839844
2017-04-27,57.83278274536133,76.22894287109375,64.2735366821289,41.17908477783203,206.3671417236328
2017-04-28,57.542232513427734,76.34598541259766,64.10724639892578,41.08570098876953,205.9174041748047
2017-05-01,57.581512451171875,76.74220275878906,64.03724670410156,41.04323959350586,206.43634033203125
2017-05-02,57.605037689208984,76.60713195800781,64.15103149414062,41.0262565612793,206.51422119140625
2017-05-03,57.510841369628906,76.3910140991211,64.06349182128906,40.88193130493164,206.26339721679688
2017-05-04,57.448020935058594,76.51709747314453,64.133544921875,41.04323959350586,206.5055389404297
2017-05-05,57.801368713378906,76.91332244873047,64.35231018066406,41.196067810058594,207.31863403320312
2017-05-08,57.86418914794922,76.85929107666016,64.32606506347656,41.06871032714844,207.2840118408203
2017-05-09,57.903465270996094,76.832275390625,64.31729888916016,40.96682357788086,207.09375
2017-05-10,57.98982238769531,77.38160705566406,64.3085708618164,41.017765045166016,207.46556091308594
2017-05-11,57.81707000732422,77.35458374023438,64.15975952148438,40.95833969116211,207.04185485839844
2017-05-12,57.565799713134766,77.48961639404297,64.07225799560547,40.88193130493164,206.6958465576172
2017-05-15,57.8798942565918,78.08397674560547,64.43983459472656,41.077205657958984,207.8375244140625
2017-05-16,57.72285461425781,78.21003723144531,64.38732147216797,40.92438888549805,207.6472625732422
2017-05-17,56.411502838134766,76.74220275878906,63.56464385986328,40.695125579833984,203.9627227783203
2017-05-18,56.47431564331055,77.30955505371094,63.69594955444336,40.80551528930664,204.7843780517578
2017-05-19,56.89832305908203,77.77783203125,64.02851867675781,40.95833969116211,206.11634826660156
2017-05-22,57.12604904174805,78.48921203613281,64.43983459472656,41.221534729003906,207.16290283203125
2017-05-23,57.3694953918457,78.59729766845703,64.41357421875,41.2724723815918,207.621337890625
2017-05-24,57.400901794433594,79.00251007080078,64.59735870361328,41.44230651855469,208.1056365966797
2017-05-25,57.59722137451172,79.63287353515625,64.97370147705078,41.747955322265625,209.10025024414062
2017-05-26,57.62075424194336,79.75895690917969,64.95620727539062,41.72248077392578,209.05706787109375
2017-05-30,57.581512451171875,79.93905639648438,64.92118835449219,41.78192138671875,208.87539672851562
2017-05-31,57.47157287597656,79.98406982421875,65.06121826171875,41.909278869628906,208.82351684570312
2017-06-01,58.03694152832031,80.55142974853516,65.50755310058594,42.19795227050781,210.4840850830078
2017-06-02,58.08406066894531,80.97465515136719,65.69134521484375,42.31682586669922,211.18466186523438
2017-06-05,57.93486022949219,80.83056640625,65.64756774902344,42.26587677001953,211.02906799316406
2017-06-06,57.68357467651367,80.6324462890625,65.41129302978516,42.1130485534668,210.35440063476562
2017-06-07,57.85633087158203,81.1187515258789,65.46379852294922,42.21493148803711,210.7436065673828
2017-06-08,58.021236419677734,81.38888549804688,65.53380584716797,42.00267791748047,210.84738159179688
2017-06-09,58.146873474121094,80.56041717529297,65.58631896972656,41.977203369140625,210.5273895263672
2017-06-12,58.209693908691406,80.29928588867188,65.5512924194336,41.96869659423828,210.4840850830078
2017-06-13,58.413841247558594,80.96566772460938,65.89263153076172,42.104557037353516,211.51336669921875
2017-06-14,58.1939811706543,80.8035888671875,65.8751449584961,42.18946838378906,211.24526977539062
2017-06-15,57.89560317993164,80.65046691894531,65.8401107788086,42.248897552490234,210.83872985839844
2017-06-16,57.65217971801758,80.55142974853516,65.89263153076172,42.29983901977539,210.88479614257812
2017-06-19,58.209693908691406,81.75811004638672,66.37396240234375,42.46965408325195,212.6404571533203
2017-06-20,57.76209259033203,81.0647201538086,65.92766571044922,42.32530212402344,211.20635986328125
2017-06-21,57.69929885864258,81.1007308959961,65.86638641357422,42.248897552490234,211.1542510986328
2017-06-22,57.80923080444336,80.91161346435547,65.80511474609375,42.1724739074707,211.05865478515625
2017-06-23,57.85633087158203,80.76753997802734,65.91888427734375,42.18096923828125,211.31065368652344
2017-06-26,58.12331771850586,80.6865005493164,65.94515991210938,42.248897552490234,211.4497833251953
2017-06-27,57.8119010925293,79.98042297363281,65.4726791381836,41.92287063598633,209.7462615966797
2017-06-28,58.412601470947266,81.03681182861328,65.97417449951172,42.07650375366211,211.62353515625
2017-06-29,58.08852767944336,80.28740692138672,65.20877838134766,41.658294677734375,209.76364135742188
2017-06-30,58.151771545410156,80.26032257080078,65.42872619628906,41.760704040527344,210.15472412109375
2017-07-03,58.59440612792969,80.26032257080078,65.66624450683594,41.760704040527344,210.5110626220703
2017-07-05,58.610225677490234,80.99166870117188,65.63988494873047,41.79484939575195,210.99778747558594
2017-07-06,58.01740646362305,80.48601531982422,65.10321807861328,41.4449348449707,209.06832885742188
2017-07-07,58.333587646484375,81.2715835571289,65.5342788696289,41.700965881347656,210.42417907714844
2017-07-10,58.23080825805664,81.6417465209961,65.57829284667969,41.62415313720703,210.65011596679688
2017-07-11,58.175479888916016,81.60565948486328,65.38471984863281,41.555870056152344,210.49371337890625
2017-07-12,58.515350341796875,82.3460464477539,65.91261291503906,41.8289794921875,212.07553100585938
2017-07-13,58.79990768432617,82.43636322021484,65.96538543701172,41.79484939575195,212.4318389892578
2017-07-14,59.08448028564453,82.7613754272461,66.37007141113281,42.033809661865234,213.42263793945312
2017-07-17,59.19514465332031,82.74333190917969,66.2996826171875,42.059425354003906,213.39657592773438
2017-07-18,59.02914047241211,82.6801528930664,66.396484375,42.02528381347656,213.5095672607422
2017-07-19,59.29789733886719,83.10449981689453,66.59883117675781,42.23012161254883,214.66551208496094
2017-07-20,59.23466873168945,83.02323150634766,66.77478790283203,42.315467834472656,214.76113891601562
2017-07-21,59.163516998291016,83.00518035888672,66.75718688964844,42.409339904785156,214.5699005126953
2017-07-24,59.163516998291016,83.0503158569336,66.59002685546875,42.315467834472656,214.51779174804688
2017-07-25,59.50341796875,83.29413604736328,66.67799377441406,42.38374328613281,215.03921508789062
2017-07-26,59.36111831665039,83.31218719482422,66.6692123413086,42.409339904785156,215.04794311523438
2017-07-27,59.28999328613281,82.84266662597656,66.58123779296875,42.50322723388672,214.84805297851562
2017-07-28,59.28999328613281,82.8516845703125,66.09734344482422,42.48617172241211,214.59597778320312
2017-07-31,59.30577850341797,83.0503158569336,66.09734344482422,42.60564041137695,214.47427368164062
2017-08-01,59.44805908203125,83.30313110351562,66.32611846923828,42.6568603515625,214.95233154296875
2017-08-02,59.59035110473633,83.3392562866211,66.3172836303711,42.580039978027344,215.05665588378906
2017-08-03,59.39274978637695,83.23992156982422,66.20291900634766,42.5715217590332,214.63946533203125
2017-08-04,59.51130676269531,83.6372299194336,66.28211212158203,42.5715217590332,215.03053283691406
2017-08-07,59.70100021362305,84.05256652832031,66.47566223144531,42.60564041137695,215.43032836914062
2017-08-08,59.67729568481445,83.96227264404297,66.32611846923828,42.469085693359375,214.900146484375
2017-08-09,59.5982551574707,84.01644897460938,66.27332305908203,42.52030563354492,214.89146423339844
2017-08-10,58.610225677490234,82.48148345947266,65.37594604492188,42.264259338378906,211.8582000732422
2017-08-11,58.64185333251953,82.55371856689453,65.35835266113281,42.30694580078125,212.1710968017578
2017-08-14,59.21884536743164,83.9080810546875,65.98299407958984,42.691001892089844,214.27439880371094
2017-08-15,59.22674560546875,83.9261474609375,65.98299407958984,42.742210388183594,214.2483367919922
2017-08-16,59.258365631103516,84.06159210205078,66.11495208740234,42.887306213378906,214.6220703125
2017-08-17,58.23080825805664,82.43636322021484,65.08561706542969,42.40081787109375,211.27590942382812
2017-08-18,58.00950622558594,82.42733001708984,64.91844940185547,42.32400131225586,210.9456787109375
2017-08-21,57.99368667602539,82.3460464477539,65.06802368164062,42.48617172241211,211.11074829101562
2017-08-22,58.633934020996094,83.6101303100586,65.66624450683594,42.78487777709961,213.31837463378906
2017-08-23,58.523284912109375,83.22189331054688,65.48152160644531,42.60564041137695,212.5535125732422
2017-08-24,58.3889045715332,83.1225814819336,65.43751525878906,42.48617172241211,212.05816650390625
2017-08-25,58.64973068237305,83.15867614746094,65.57829284667969,42.62272262573242,212.5535125732422
2017-08-28,58.72877883911133,83.22189331054688,65.63105773925781,42.62272262573242,212.56222534179688
2017-08-29,58.7366943359375,83.24896240234375,65.61347961425781,42.6397819519043,212.80560302734375
2017-08-30,59.05284118652344,83.80879974365234,66.0181884765625,42.73368835449219,213.8137664794922
2017-08-31,59.432247161865234,84.26925659179688,66.40526580810547,42.929969787597656,215.10012817382812
2017-09-01,59.8511848449707,84.48596954345703,66.52843475341797,42.895835876464844,215.40426635742188
2017-09-05,59.266273498535156,83.4295425415039,66.0709457397461,42.71659851074219,213.857177734375
2017-09-06,59.606170654296875,83.68238067626953,66.22051239013672,42.793418884277344,214.58729553222656
2017-09-07,59.463890075683594,83.22189331054688,66.42285919189453,42.887306213378906,214.5612030029297
2017-09-08,59.32162094116211,83.25799560546875,66.49323272705078,43.032379150390625,214.30914306640625
2017-09-11,60.04090118408203,84.31442260742188,67.1354751586914,43.35670852661133,216.59495544433594
2017-09-12,60.4835205078125,84.7207260131836,67.34664154052734,43.35670852661133,217.32505798339844
2017-09-13,60.59419250488281,84.82908630371094,67.24986267089844,43.228702545166016,217.42930603027344
2017-09-14,60.50725173950195,84.71170043945312,67.30264282226562,43.23722839355469,217.35980224609375
2017-09-15,60.72859191894531,85.13606262207031,67.57539367675781,43.254295349121094,217.6524200439453
2017-09-18,60.791812896728516,85.70488739013672,67.78650665283203,43.296966552734375,218.11537170410156
2017-09-19,60.775970458984375,85.90354919433594,67.89208221435547,43.185997009277344,218.33372497558594
2017-09-20,60.75229263305664,85.885498046875,67.76890563964844,43.14334487915039,218.41232299804688
2017-09-21,60.6495246887207,85.64169311523438,67.57539367675781,42.96411895751953,217.8271026611328
2017-09-22,60.76017379760742,85.67781066894531,67.79531860351562,42.98971176147461,217.8707275390625
2017-09-25,60.87873458862305,84.87422180175781,67.86567687988281,42.9811897277832,217.42530822753906
2017-09-26,61.052947998046875,84.89778137207031,67.94524383544922,42.9460334777832,217.5563201904297
2017-09-27,61.434715270996094,86.0114974975586,68.17498779296875,42.96318054199219,218.403564453125
2017-09-28,61.37107467651367,86.10205841064453,68.10426330566406,43.0231819152832,218.66555786132812
2017-09-29,61.498321533203125,86.63629150390625,68.16613006591797,43.15176010131836,219.43423461914062
2017-10-02,62.05509948730469,86.98943328857422,68.55496215820312,43.288917541503906,220.38633728027344
2017-10-03,62.38917541503906,87.26107025146484,68.7228775024414,43.36606979370117,220.85794067382812
2017-10-04,62.3493766784668,87.28822326660156,68.84656524658203,43.46035385131836,221.11996459960938
2017-10-05,62.667572021484375,87.82245635986328,69.27955627441406,43.6060791015625,222.43014526367188
2017-10-06,62.51640701293945,87.91300201416016,69.14701080322266,43.546085357666016,222.1768798828125
2017-10-09,62.41303253173828,87.80436706542969,69.21771240234375,43.451778411865234,221.80999755859375
2017-10-10,62.6993522644043,87.96732330322266,69.5093002319336,43.5632209777832,222.3951873779297
2017-10-11,62.73915100097656,88.08505249023438,69.67720794677734,43.6403694152832,222.7445831298828
2017-10-12,62.44483947753906,87.82245635986328,69.6860580444336,43.708961486816406,222.41265869140625
2017-10-13,62.651611328125,88.01258850097656,69.73023986816406,43.74325180053711,222.68341064453125
2017-10-16,62.69141387939453,88.5015640258789,69.71257019042969,43.70036697387695,222.98037719726562
2017-10-17,62.69141387939453,88.53778076171875,69.80091857910156,43.80324935913086,223.1376190185547
2017-10-18,62.8027458190918,88.76416778564453,69.88928985595703,43.820377349853516,223.35598754882812
2017-10-19,62.73915100097656,89.03579711914062,70.00419616699219,44.02613067626953,223.41709899902344
2017-10-20,63.160675048828125,89.95938873291016,70.32230377197266,44.18041229248047,224.5700225830078
2017-10-23,63.120914459228516,89.76923370361328,70.20738983154297,44.14612579345703,223.69659423828125
2017-10-24,63.391334533691406,90.28536224365234,70.23391723632812,44.043251037597656,224.08969116210938
2017-10-25,62.96184539794922,89.74207305908203,70.03952026367188,43.98326110839844,222.98037719726562
2017-10-26,63.073184967041016,89.9050521850586,70.1543960571289,44.00040054321289,223.2686004638672
2017-10-27,63.216365814208984,91.00975799560547,70.32230377197266,44.19755935668945,225.0941162109375
2017-10-30,63.001609802246094,90.75621795654297,70.09252166748047,43.94896697998047,224.255615234375
2017-10-31,63.1049919128418,91.00069427490234,70.1543960571289,43.99182891845703,224.60496520996094
2017-11-01,63.28792190551758,90.79242706298828,70.18974304199219,43.94896697998047,224.9019775390625
2017-11-02,63.399288177490234,91.14556121826172,70.32230377197266,44.06040573120117,224.9893035888672
2017-11-03,63.54244613647461,91.5892333984375,70.44599914550781,44.111839294433594,225.740478515625
2017-11-06,63.661746978759766,91.73414611816406,70.53436279296875,44.02613067626953,226.08984375
2017-11-07,63.462913513183594,91.47154235839844,70.42830657958984,44.214717864990234,225.93263244628906
2017-11-08,63.614017486572266,91.42626953125,70.6757583618164,44.34326934814453,226.31686401367188
2017-11-09,63.431121826171875,90.72904968261719,70.41065979003906,44.25756072998047,225.49594116210938
2017-11-10,63.51063919067383,90.99165344238281,70.49901580810547,44.214717864990234,225.426025390625
2017-11-13,63.5583610534668,91.21800231933594,70.56086730957031,44.36042404174805,225.63563537597656
2017-11-14,63.27998352050781,91.0640640258789,70.58740234375,44.44614791870117,225.11154174804688
2017-11-15,63.041385650634766,90.75621795654297,70.17207336425781,44.14612579345703,223.9848175048828
2017-11-16,63.95606231689453,91.6164321899414,70.70226287841797,44.42901611328125,225.8889617919922
2017-11-17,63.87651824951172,91.28138732910156,70.71111297607422,44.27470397949219,225.22508239746094
2017-11-20,64.09921264648438,91.71602630615234,70.84363555908203,44.30900192260742,225.60939025878906
2017-11-21,64.45713806152344,92.40419006347656,71.28546142578125,44.5661506652832,227.08554077148438
2017-11-22,64.46509552001953,92.02385711669922,71.13526916503906,44.43757247924805,226.88467407226562
2017-11-24,64.47303771972656,92.19593048095703,71.2590103149414,44.540435791015625,227.40869140625
2017-11-27,64.22647857666016,92.01483154296875,71.24131774902344,44.634727478027344,227.29518127441406
2017-11-28,64.99800109863281,93.13761138916016,72.01009368896484,44.96904373168945,229.60104370117188
2017-11-29,65.36384582519531,92.6486587524414,72.14264678955078,45.05476379394531,229.46128845214844
2017-11-30,65.72974395751953,93.54508972167969,72.68167877197266,45.346214294433594,231.47019958496094
2017-12-01,65.56269073486328,92.96558380126953,72.70819091796875,45.30336380004883,230.98983764648438
2017-12-04,65.87289428710938,91.7975082397461,72.76122283935547,45.18334197998047,230.71034240722656
2017-12-05,65.48316192626953,91.70696258544922,72.57564544677734,45.03762435913086,229.88055419921875
2017-12-06,65.3161392211914,91.91525268554688,72.53145599365234,45.07191467285156,229.92422485351562
2017-12-07,65.5706787109375,92.51284790039062,72.81424713134766,45.11477279663086,230.6492156982422
2017-12-08,66.06378173828125,93.04710388183594,73.15003967285156,45.30336380004883,231.90696716308594
2017-12-11,66.38990020751953,93.14668273925781,73.28258514404297,45.35478591918945,232.605712890625
2017-12-12,66.3978500366211,93.2191390991211,73.31792449951172,45.37193298339844,233.0161895751953
2017-12-13,66.334228515625,93.15573120117188,73.35327911376953,45.4576530456543,232.99002075195312
2017-12-14,65.880859375,92.68486785888672,73.05281066894531,45.260501861572266,232.03797912597656
2017-12-15,66.51715087890625,93.71715545654297,73.60069274902344,45.67195129394531,233.9702606201172
2017-12-18,67.32051086425781,94.45056915283203,74.04254150390625,45.74909973144531,235.4539337158203
2017-12-19,67.12165069580078,94.10649871826172,73.9011459350586,45.491947174072266,234.5496368408203
2017-12-20,67.32051086425781,94.08834075927734,73.8746337890625,45.38050842285156,234.42674255371094
2017-12-21,67.43321990966797,94.01390838623047,73.8284912109375,45.35121536254883,234.90960693359375
2017-12-22,67.37725830078125,93.99575805664062,73.77523040771484,45.36844253540039,234.84815979003906
2017-12-26,67.21733856201172,93.75055694580078,73.79296112060547,45.37706756591797,234.56719970703125
2017-12-27,67.12138366699219,93.99575805664062,73.87287139892578,45.489013671875,234.68133544921875
2017-12-28,67.26531982421875,94.18645477294922,73.96162414550781,45.55791473388672,235.16416931152344
2017-12-29,66.85755920410156,93.65972137451172,73.58880615234375,45.454566955566406,234.27749633789062
2018-01-02,67.74504089355469,94.39533996582031,73.92611694335938,45.43734359741211,235.954345703125
2018-01-03,67.82499694824219,95.33985137939453,74.4498519897461,45.53207015991211,237.44674682617188
2018-01-04,68.2007827758789,96.13902282714844,74.78717803955078,45.712928771972656,238.44757080078125
2018-01-05,68.51261901855469,96.91097259521484,75.27538299560547,45.9454460144043,240.03651428222656
2018-01-08,68.64852905273438,97.18341827392578,75.50618743896484,46.02297592163086,240.47549438476562
2018-01-09,68.64051818847656,97.54669189453125,75.73699951171875,46.04879379272461,241.01979064941406
2018-01-10,68.64852905273438,97.44678497314453,75.594970703125,45.82488250732422,240.65103149414062
2018-01-11,69.49601745605469,98.10975646972656,75.9944076538086,45.962677001953125,242.40695190429688
2018-01-12,70.02372741699219,99.04517364501953,76.5447769165039,46.10047912597656,243.9871063232422
2018-01-16,69.7598648071289,98.82723236083984,76.27847290039062,46.06602478027344,243.15316772460938
2018-01-17,70.4314956665039,100.47100830078125,77.34371185302734,46.49662780761719,245.4707489013672
2018-01-18,70.3515396118164,100.36204528808594,77.12181091308594,46.41051483154297,245.05819702148438
2018-01-19,70.51144409179688,100.95233917236328,77.61003112792969,46.608577728271484,246.1730194091797
2018-01-22,71.02315521240234,101.56988525390625,78.0183334350586,46.901397705078125,248.17478942871094
2018-01-23,71.03914642333984,101.6970443725586,78.03607940673828,46.97890853881836,248.70138549804688
2018-01-24,70.83124542236328,101.47000122070312,77.8319320678711,47.0047492980957,248.6049041748047
2018-01-25,70.47944641113281,101.6970443725586,77.84967803955078,47.23726272583008,248.71026611328125
2018-01-26,71.47090911865234,103.13194274902344,78.65747833251953,47.63343048095703,251.58969116210938
2018-01-29,71.10309600830078,102.35089874267578,77.96509552001953,47.271705627441406,249.92172241210938
2018-01-30,70.02372741699219,100.77979278564453,77.13065338134766,46.99612808227539,247.3583221435547
2018-01-31,69.77586364746094,101.36103057861328,76.953125,47.039188385009766,247.48121643066406
2018-02-01,69.63993835449219,101.26111602783203,77.0152587890625,46.9100227355957,247.20021057128906
2018-02-02,67.82499694824219,98.92711639404297,75.42632293701172,46.126304626464844,241.81871032714844
2018-02-05,65.21849060058594,94.6950454711914,72.54134368896484,44.464176177978516,231.7052764892578
2018-02-06,66.75361633300781,96.99270629882812,73.66867065429688,44.74837112426758,236.27027893066406
2018-02-07,66.649658203125,96.665771484375,73.40238952636719,44.61058807373047,234.98858642578125
2018-02-08,64.17109680175781,92.57899475097656,70.854736328125,43.26710510253906,226.17445373535156
2018-02-09,64.95463562011719,94.42261505126953,72.0176010131836,43.98191452026367,229.5719757080078
2018-02-12,65.93008422851562,96.07546997070312,72.8786849975586,44.41249465942383,232.94305419921875
2018-02-13,66.18595886230469,96.49320983886719,73.14497375488281,44.550289154052734,233.52252197265625
2018-02-14,67.18534088134766,98.26412200927734,74.10366821289062,44.92061233520508,236.6741485595703
2018-02-15,67.8489761352539,99.48112487792969,75.0179672241211,45.48041534423828,239.6942138671875
2018-02-16,67.83297729492188,99.38119506835938,75.06236267089844,45.62681579589844,239.76437377929688
2018-02-20,67.289306640625,99.36305236816406,74.64513397216797,45.16175079345703,238.26316833496094
2018-02-21,66.88153076171875,98.89079284667969,74.15689849853516,44.85171890258789,237.07798767089844
2018-02-22,66.96949005126953,99.05428314208984,74.18353271484375,44.894775390625,237.3852996826172
2018-02-23,68.07284545898438,100.60721588134766,75.39079284667969,45.53207015991211,241.16909790039062
2018-02-26,68.95234680175781,101.787841796875,76.24298095703125,45.93684768676758,243.96958923339844
2018-02-27,68.17677307128906,100.8342514038086,75.39079284667969,45.40290832519531,240.92318725585938
2018-02-28,67.47319030761719,99.88069152832031,74.71612548828125,45.04118728637695,238.48269653320312
2018-03-01,66.55372619628906,98.09160614013672,73.76632690429688,44.541690826416016,235.01499938964844
2018-03-02,66.89751434326172,98.4094467163086,74.21905517578125,44.765594482421875,236.2264862060547
2018-03-05,67.5931396484375,99.58100891113281,74.93807983398438,45.27371597290039,238.9567413330078
2018-03-06,67.84098815917969,99.87162780761719,75.29314422607422,45.33399963378906,239.56246948242188
2018-03-07,67.6571044921875,100.10775756835938,75.19552612304688,45.35982894897461,239.4746551513672
2018-03-08,67.80101013183594,100.54364776611328,75.6659927368164,45.61819076538086,240.63356018066406
2018-03-09,68.92835998535156,102.51436614990234,76.93537139892578,46.15214157104492,244.82107543945312
2018-03-12,68.93634033203125,102.4508285522461,76.92652130126953,46.03157043457031,244.51382446289062
2018-03-13,68.7444839477539,101.67884826660156,76.56251525878906,45.97990036010742,242.93357849121094
2018-03-14,68.26473236083984,101.13396453857422,76.038818359375,45.781822204589844,241.68698120117188
2018-03-15,68.0888442993164,101.22478485107422,76.05656433105469,45.7387580871582,241.42356872558594
2018-03-16,68.4006576538086,101.34281921386719,76.24298095703125,45.867950439453125,241.6853790283203
2018-03-19,67.52915954589844,100.189453125,75.27538299560547,45.50623321533203,238.41531372070312
2018-03-20,67.63311004638672,100.95233917236328,75.58607482910156,45.55791473388672,238.82081604003906
2018-03-21,67.51316833496094,100.59815216064453,75.46182250976562,45.35121536254883,238.36248779296875
2018-03-22,65.924560546875,97.30606842041016,73.5064697265625,44.50777053833008,232.404052734375
2018-03-23,64.300537109375,94.86612701416016,71.8658676147461,43.858978271484375,227.45045471191406
2018-03-26,66.19791412353516,98.08904266357422,73.89875030517578,44.73269271850586,233.67330932617188
2018-03-27,65.11254119873047,95.46701049804688,72.80205535888672,44.360721588134766,229.69808959960938
2018-03-28,65.01608276367188,94.88432312011719,72.67723083496094,44.48182678222656,229.01939392089844
2018-03-29,65.94058990478516,96.43202209472656,73.7471923828125,44.92301559448242,231.94566345214844
2018-04-02,64.45331573486328,93.39122772216797,71.98175048828125,44.170406341552734,226.93923950195312
2018-04-03,65.41001892089844,94.49284362792969,72.99822998046875,44.64619064331055,229.84791564941406
2018-04-04,66.18986511230469,95.5853500366211,73.90769958496094,45.10467529296875,232.30709838867188
2018-04-05,66.57575988769531,96.40475463867188,74.24649810791016,45.32093811035156,234.14048767089844
2018-04-06,65.17687225341797,93.88285064697266,72.57023620605469,44.542381286621094,228.92239379882812
2018-04-09,65.38589477539062,94.27434539794922,72.7485580444336,44.698097229003906,230.0507049560547
2018-04-10,66.56771087646484,96.3956298828125,73.98794555664062,45.121971130371094,233.70855712890625
2018-04-11,66.23004913330078,95.70369720458984,73.54212951660156,44.91435241699219,232.48336791992188
2018-04-12,66.93754577636719,97.21499633789062,74.04145812988281,44.992218017578125,234.39608764648438
2018-04-13,66.68026733398438,96.24996948242188,73.76504516601562,45.01816940307617,233.70855712890625
2018-04-16,67.31539154052734,96.91458892822266,74.34459686279297,45.47665786743164,235.63003540039062
2018-04-17,67.80582427978516,98.52603149414062,74.96875,45.86593246459961,238.15097045898438
2018-04-18,67.95052337646484,98.75363159179688,74.70123291015625,45.848636627197266,238.32720947265625
2018-04-19,67.28323364257812,98.56245422363281,73.84528350830078,45.51991653442383,237.0050506591797
2018-04-20,66.60790252685547,97.91606140136719,73.20332336425781,45.19118881225586,234.99542236328125
2018-04-23,66.68026733398438,97.65201568603516,73.1230697631836,45.25174331665039,234.960205078125
2018-04-24,66.1576919555664,95.88581848144531,72.26707458496094,44.862457275390625,231.79591369628906
2018-04-25,66.52753448486328,96.03147888183594,72.39192962646484,44.862457275390625,232.36880493164062
2018-04-26,66.80888366699219,97.5792007446289,73.140869140625,45.25174331665039,234.7310028076172
2018-04-27,66.79283905029297,97.63380432128906,73.23896026611328,45.29498291015625,234.95138549804688
2018-04-30,66.19791412353516,96.91458892822266,72.78424072265625,45.01816940307617,233.14447021484375
2018-05-01,66.23004913330078,97.51545715332031,72.81990814208984,44.94895935058594,233.55874633789062
2018-05-02,65.86021423339844,96.6505355834961,72.57915496826172,44.50777053833008,231.9897918701172
2018-05-03,65.47433471679688,96.85994720458984,72.59697723388672,44.52508544921875,231.47865295410156
2018-05-04,66.31848907470703,97.879638671875,73.48863220214844,45.00087356567383,234.47543334960938
2018-05-07,66.34260559082031,98.66259002685547,73.65804290771484,45.03548049926758,235.26870727539062
2018-05-08,66.41497802734375,99.08138275146484,73.7383041381836,44.97492218017578,235.26870727539062
2018-05-09,66.95362091064453,100.38328552246094,74.3624267578125,45.16523361206055,237.54273986816406
2018-05-10,67.61287689208984,101.07518768310547,74.95983123779297,45.606422424316406,239.763916015625
2018-05-11,67.81385040283203,101.14803314208984,75.16490173339844,45.70157241821289,240.49551391601562
2018-05-14,67.99874877929688,101.16625213623047,75.08465576171875,45.606422424316406,240.610107421875
2018-05-15,67.79776000976562,100.51985931396484,74.59423828125,45.286346435546875,238.95303344726562
2018-05-16,68.37662506103516,100.93864440917969,74.98655700683594,45.355552673339844,239.95791625976562
2018-05-17,68.37662506103516,100.6837387084961,75.06683349609375,45.25174331665039,239.75511169433594
2018-05-18,67.92642211914062,100.51985931396484,74.9241714477539,45.23443603515625,239.1557159423828
2018-05-21,68.47308349609375,101.51222229003906,75.31647491455078,45.53721237182617,240.95382690429688
2018-05-22,68.38467407226562,101.11161041259766,75.06683349609375,45.32093811035156,240.28392028808594
2018-05-23,68.32037353515625,101.53953552246094,75.37889099121094,45.571815490722656,240.94500732421875
2018-05-24,68.25605010986328,101.48490142822266,75.35211944580078,45.55451202392578,240.45143127441406
2018-05-25,68.00680541992188,101.19357299804688,75.12031555175781,45.53721237182617,239.87852478027344
2018-05-29,67.19482421875,99.90986633300781,74.38027954101562,45.26039123535156,237.11968994140625
2018-05-30,67.93445587158203,101.26638793945312,75.35211944580078,45.814029693603516,240.28392028808594
2018-05-31,67.50836944580078,100.2558364868164,74.74584197998047,45.4680061340332,238.8119659423828
2018-06-01,68.28817749023438,101.84907531738281,75.56611633300781,45.67562484741211,241.1565704345703
2018-06-04,68.61780548095703,102.57743835449219,76.02086639404297,45.909183502197266,242.30239868164062
2018-06-05,68.75447845458984,103.05994415283203,76.13677978515625,45.89188766479492,242.4787139892578
2018-06-06,69.33333587646484,104.05229187011719,76.81442260742188,46.13410186767578,244.5059356689453
2018-06-07,69.47804260253906,103.15099334716797,76.73419952392578,46.168701171875,244.47952270507812
2018-06-08,69.58255767822266,103.4969253540039,76.96602630615234,46.40227127075195,245.2022247314453
2018-06-11,69.74333190917969,103.40592193603516,76.85900115966797,46.39363479614258,245.52838134765625
2018-06-12,69.69512939453125,103.69725799560547,76.97490692138672,46.48012924194336,245.84571838378906
2018-06-13,69.42176055908203,103.669921875,76.53803253173828,46.272518157958984,245.06126403808594
2018-06-14,69.39764404296875,104.1069107055664,76.6360855102539,46.445526123046875,245.67820739746094
2018-06-15,69.29312896728516,103.81556701660156,76.76985168457031,46.60124588012695,245.36492919921875
2018-06-18,69.07605743408203,103.92485809326172,76.53803253173828,46.43688201904297,244.86019897460938
2018-06-19,68.69015502929688,103.24201202392578,76.24378967285156,46.36767578125,243.92166137695312
2018-06-20,68.80274200439453,103.80648803710938,76.16352844238281,46.34172821044922,244.33778381347656
2018-06-21,68.31231689453125,102.85052490234375,75.58396911621094,46.21196365356445,242.80609130859375
2018-06-22,68.29621887207031,102.10400390625,75.63745880126953,46.37633514404297,243.24876403808594
2018-06-25,67.32345581054688,99.80972290039062,74.67450714111328,46.19466781616211,239.9375
2018-06-26,67.41963958740234,100.27547454833984,74.76139068603516,46.15203857421875,240.4687042236328
2018-06-27,66.89413452148438,98.8781967163086,74.03588104248047,45.82151412963867,238.4766387939453
2018-06-28,66.95881652832031,99.99237823486328,74.56433868408203,46.16075134277344,239.84007263183594
2018-06-29,66.78902435302734,100.18415069580078,74.74347686767578,46.23902130126953,240.18540954589844
2018-07-02,66.93455505371094,100.6133804321289,74.76139068603516,46.3086051940918,240.69886779785156
2018-07-03,66.57073974609375,99.79142761230469,74.64493560791016,46.33470153808594,239.848876953125
2018-07-05,67.16093444824219,100.46726989746094,75.25399017333984,46.70002746582031,241.80555725097656
2018-07-06,67.64602661132812,101.38053894042969,75.89888000488281,46.94356918334961,243.8508758544922
2018-07-09,68.5515365600586,102.54035949707031,76.5079345703125,47.00444793701172,246.04649353027344
2018-07-10,68.71321105957031,102.79605865478516,76.7945327758789,47.265403747558594,246.9319610595703
2018-07-11,67.79155731201172,102.25723266601562,76.23924255371094,47.169715881347656,245.12576293945312
2018-07-12,68.3251724243164,103.68193054199219,76.85725402832031,47.47415542602539,247.34808349609375
2018-07-13,68.30899047851562,103.52667999267578,76.94681549072266,47.491546630859375,247.5428466796875
2018-07-16,68.25240325927734,103.59060668945312,76.59750366210938,47.35237503051758,247.32151794433594
2018-07-17,68.43025970458984,104.14766693115234,77.09906005859375,47.50895309448242,248.3219757080078
2018-07-18,68.64046478271484,104.41253662109375,77.26030731201172,47.50895309448242,248.8443145751953
2018-07-19,68.4868392944336,103.70018768310547,77.11699676513672,47.51763916015625,247.90582275390625
2018-07-20,68.22814178466797,103.79153442382812,76.96472930908203,47.482845306396484,247.6226348876953
2018-07-23,68.39794921875,103.9832992553711,76.95575714111328,47.40456771850586,248.08290100097656
2018-07-24,68.4787826538086,103.9011001586914,77.28715515136719,47.46546936035156,249.33126831054688
2018-07-25,68.78597259521484,105.28926849365234,78.06640625,47.8394775390625,251.45626831054688
2018-07-26,69.02046203613281,104.96961975097656,78.0036849975586,47.90035629272461,250.86300659179688
2018-07-27,68.64854431152344,103.38968658447266,77.5200424194336,47.69160842895508,249.16314697265625
2018-07-30,68.79408264160156,101.57231903076172,77.00053405761719,47.41325378417969,247.86158752441406
2018-07-31,69.0689697265625,101.94673156738281,77.5200424194336,47.76118469238281,249.08340454101562
2018-08-01,68.99620819091797,102.15677642822266,77.31407165527344,47.63941192626953,248.66741943359375
2018-08-02,69.43278503417969,103.2161865234375,77.58272552490234,47.82207489013672,250.02200317382812
2018-08-03,69.95829772949219,103.24356842041016,77.94100952148438,48.0830192565918,251.09329223632812
2018-08-06,70.12805938720703,103.78240203857422,78.18283081054688,48.21348571777344,252.01405334472656
2018-08-07,70.31403350830078,104.27554321289062,78.51422119140625,48.291770935058594,252.84625244140625
2018-08-08,70.33828735351562,104.45820617675781,78.41571044921875,48.291770935058594,252.7400360107422
2018-08-09,70.20083618164062,104.47647094726562,78.23655700683594,48.300472259521484,252.39474487304688
2018-08-10,69.62684631347656,103.95590209960938,77.73501586914062,48.13520812988281,250.7036895751953
2018-08-13,69.2791748046875,103.48099517822266,77.43943786621094,48.013423919677734,249.76516723632812
2018-08-14,69.7804183959961,104.21159362792969,77.96785736083984,48.2830696105957,251.3588409423828
2018-08-15,69.19829559326172,102.83258819580078,77.61858367919922,48.256988525390625,249.4818878173828
2018-08-16,70.05529022216797,103.59972381591797,78.23655700683594,48.63099670410156,251.50047302246094
2018-08-17,70.52421569824219,103.67279815673828,78.57693481445312,48.90933609008789,252.38592529296875
2018-08-20,70.84762573242188,104.22075653076172,78.91728210449219,48.99631118774414,252.92596435546875
2018-08-21,71.14676666259766,104.55865478515625,79.06058502197266,48.90933609008789,253.51914978027344
2018-08-22,70.91230010986328,105.00614929199219,79.06058502197266,48.778865814208984,253.36865234375
2018-08-23,70.66976928710938,105.1340103149414,79.08746337890625,48.787559509277344,253.03231811523438
2018-08-24,70.94464874267578,106.30297088623047,79.51737976074219,49.06590270996094,254.5551300048828
2018-08-27,71.5914535522461,107.17057037353516,80.03685760498047,49.126792907714844,256.5648193359375
2018-08-28,71.7288818359375,107.30754852294922,80.0189437866211,49.126792907714844,256.68890380859375
2018-08-29,71.9067611694336,108.23906707763672,80.48467254638672,49.33553695678711,258.0700378417969
2018-08-30,71.6156997680664,107.70938110351562,80.11746978759766,49.13548278808594,257.0252380371094
2018-08-31,71.55908203125,107.9285659790039,80.41305541992188,49.222469329833984,257.0340576171875
2018-09-04,71.4216537475586,108.28472137451172,80.32347869873047,49.19638442993164,256.5914001464844
2018-09-05,71.4216537475586,106.43083953857422,80.32347869873047,49.27466583251953,255.90078735351562
2018-09-06,70.85572052001953,106.4947738647461,80.2249526977539,49.5181999206543,255.13058471679688
2018-09-07,70.58890533447266,106.18424987792969,79.94729614257812,49.352943420410156,254.6348114013672
2018-09-10,70.57272338867188,106.55868530273438,80.14434051513672,49.457313537597656,255.0774383544922
2018-09-11,70.68592834472656,107.12488555908203,80.33243560791016,49.50950622558594,255.9185028076172
2018-09-12,70.7182846069336,107.27102661132812,80.36827087402344,49.59648513793945,255.98046875
2018-09-13,71.17911529541016,107.88290405273438,80.83399200439453,49.857421875,257.4945068359375
2018-09-14,71.30846405029297,108.06554412841797,80.95941162109375,49.866119384765625,257.53875732421875
2018-09-17,71.00935363769531,106.76873779296875,80.57426452636719,49.779136657714844,256.17535400390625
2018-09-18,71.38932800292969,107.91028594970703,80.950439453125,49.94439697265625,257.5653076171875
2018-09-19,71.5914535522461,107.4627914428711,80.9415054321289,49.67475891113281,257.83978271484375
2018-09-20,72.20586395263672,108.1751480102539,81.55950164794922,49.97051239013672,259.9293212890625
2018-09-21,72.1412124633789,108.06554412841797,81.73863983154297,50.08359146118164,259.6918029785156
2018-09-24,71.78546142578125,108.27558898925781,81.36246490478516,49.72695541381836,258.8291931152344
2018-09-25,71.45399475097656,108.64090728759766,81.15645599365234,49.67475891113281,258.5890197753906
2018-09-26,71.19141387939453,108.47157287597656,81.01074981689453,49.502647399902344,257.815185546875
2018-09-27,71.35400390625,108.77361297607422,81.1546401977539,49.598751068115234,258.53564453125
2018-09-28,71.41902160644531,108.9200668334961,81.27157592773438,49.83464813232422,258.56231689453125
2018-10-01,71.65479278564453,109.4875717163086,81.57731628417969,49.82591247558594,259.4606018066406
2018-10-02,71.73607635498047,109.00243377685547,81.64028930664062,49.84339904785156,259.3094177246094
2018-10-03,72.17507934570312,109.35941314697266,81.60430908203125,49.659915924072266,259.4517822265625
2018-10-04,71.71168518066406,107.62034606933594,80.8758544921875,49.43275833129883,257.4239196777344
2018-10-05,71.17515563964844,106.53116607666016,80.30030822753906,49.45895767211914,255.9831085205078
2018-10-08,71.30522155761719,105.54263305664062,80.28230285644531,49.5376091003418,255.9831085205078
2018-10-09,70.9312515258789,105.5700912475586,80.12944793701172,49.59001922607422,255.60963439941406
2018-10-10,69.06143951416016,100.8380126953125,77.38650512695312,48.34066390991211,247.51609802246094
2018-10-11,67.45989227294922,98.90674591064453,75.5878677368164,47.2747688293457,242.06419372558594
2018-10-12,68.1996841430664,101.41465759277344,76.68502044677734,47.72035598754883,245.42611694335938
2018-10-15,67.83386993408203,100.14242553710938,76.289306640625,47.729087829589844,244.04754638671875
2018-10-16,69.1264419555664,103.10796356201172,77.70126342773438,48.60275650024414,249.38388061523438
2018-10-17,69.02081298828125,103.08048248291016,77.65629577636719,48.61149978637695,249.4282684326172
2018-10-18,67.99644470214844,101.01192474365234,76.6490707397461,48.30570602416992,245.8262939453125
2018-10-19,67.93954467773438,99.88610076904297,76.289306640625,48.39308547973633,245.69293212890625
2018-10-22,67.67127990722656,100.21562957763672,76.1544189453125,48.227073669433594,244.590087890625
2018-10-23,67.37858581542969,99.18132781982422,75.65980529785156,48.087284088134766,243.3449249267578
2018-10-24,65.00471496582031,95.42861938476562,73.32156372070312,47.36213684082031,235.97193908691406
2018-10-25,66.35426330566406,98.14704132080078,74.42774200439453,47.64170837402344,240.2053985595703
2018-10-26,65.49252319335938,95.97781372070312,73.41150665283203,47.021400451660156,235.9808349609375
2018-10-29,65.5331802368164,94.65064239501953,73.26760864257812,47.05635070800781,234.67337036132812
2018-10-30,66.57376098632812,96.1791763305664,74.44573974609375,47.72035598754883,238.15090942382812
2018-10-31,67.19976043701172,98.18366241455078,75.12020111083984,47.816436767578125,240.6945037841797
2018-11-01,68.17530822753906,99.89529418945312,75.98355102539062,47.96498107910156,243.25595092773438
2018-11-02,67.39485931396484,99.20878601074219,75.49791717529297,47.87760543823242,241.81520080566406
2018-11-05,67.88264465332031,99.76710510253906,75.94758605957031,48.27950668334961,243.1492919921875
2018-11-06,68.2647476196289,100.01422882080078,76.44222259521484,48.58529281616211,244.68795776367188
2018-11-07,69.46788787841797,102.98897552490234,78.00701141357422,49.38032913208008,249.92628479003906
2018-11-08,69.26467895507812,102.79673767089844,77.9170913696289,49.40654373168945,249.47279357910156
2018-11-09,68.3785400390625,101.37804412841797,77.20663452148438,49.38032913208008,247.03590393066406
2018-11-12,67.0452880859375,98.65960693359375,75.77670288085938,48.8211784362793,242.41990661621094
2018-11-13,66.86644744873047,98.48570251464844,75.5878677368164,48.72509002685547,241.96630859375
2018-11-14,66.07783508300781,97.54296875,74.99432373046875,48.471717834472656,240.3120880126953
2018-11-15,66.60629272460938,98.96166229248047,75.8036880493164,48.777496337890625,242.82015991210938
2018-11-16,66.73635864257812,98.38502502441406,75.71377563476562,49.03959655761719,243.45172119140625
2018-11-19,65.93150329589844,95.16321563720703,74.40074920654297,48.58529281616211,239.33384704589844
2018-11-20,64.3381118774414,93.5064926147461,73.1327133178711,47.94750213623047,234.9046630859375
2018-11-21,64.67143249511719,93.89091491699219,73.10575866699219,47.91256332397461,235.70510864257812
2018-11-23,64.22428131103516,93.2319107055664,72.58411407470703,47.79898452758789,234.13087463378906
2018-11-26,65.2486343383789,95.30964660644531,73.51942443847656,48.20085906982422,237.91075134277344
2018-11-27,65.37869262695312,95.60254669189453,73.67229461669922,48.34939956665039,238.71119689941406
2018-11-28,66.75263214111328,98.88844299316406,75.43497467041016,49.161922454833984,244.20761108398438
2018-11-29,66.40303039550781,98.4673843383789,75.08423614501953,49.135704040527344,243.67396545410156
2018-11-30,66.8013916015625,99.57491302490234,75.81268310546875,49.36287307739258,245.1592254638672
2018-12-03,67.6143569946289,100.8380126953125,76.68502044677734,49.79097366333008,248.40542602539062
2018-12-04,65.1591796875,97.82672119140625,74.3377914428711,48.9085578918457,240.3565673828125
2018-12-06,64.85839080810547,98.15621185302734,74.31982421875,48.88234329223633,239.9918975830078
2018-12-07,63.16742706298828,95.30049896240234,72.61109924316406,48.148441314697266,234.41549682617188
2018-12-10,62.79347229003906,96.00526428222656,72.83592987060547,48.296974182128906,234.8601531982422
2018-12-11,62.647125244140625,96.1700210571289,72.88089752197266,48.34939956665039,234.9135284423828
2018-12-12,63.12677001953125,96.76496124267578,73.25862121582031,48.40182113647461,236.09642028808594
2018-12-13,62.8341178894043,96.9297103881836,73.30359649658203,48.48918914794922,236.01629638671875
2018-12-14,62.13495635986328,94.72384643554688,71.67578887939453,47.82518768310547,231.65838623046875
2018-12-17,60.99032211303711,92.3404769897461,70.11370849609375,46.805267333984375,227.11363220214844
2018-12-18,60.933013916015625,92.44152069091797,70.21315002441406,46.638362884521484,226.86459350585938
2018-12-19,59.84404373168945,91.26544952392578,69.0379867553711,46.23426818847656,223.46710205078125
2018-12-20,58.57494354248047,89.49215698242188,68.01644134521484,45.58418655395508,219.8295440673828
2018-12-21,57.657936096191406,87.62696838378906,66.59719848632812,44.96925735473633,215.32534790039062
2018-12-24,56.200504302978516,85.26564025878906,65.00615692138672,43.72181701660156,209.6358184814453
2018-12-26,58.64863204956055,90.0250473022461,68.0526123046875,45.21523666381836,220.22763061523438
2018-12-27,59.115333557128906,90.89790344238281,68.84814453125,45.707176208496094,221.9184112548828
2018-12-28,59.01708221435547,90.87037658691406,68.6763687133789,45.65706253051758,221.63217163085938
2018-12-31,59.41829299926758,92.0923843383789,69.39053344726562,46.06144332885742,223.57337951660156
2019-01-02,60.0323486328125,91.47677612304688,69.35437774658203,45.65706253051758,223.80592346191406
2019-01-03,58.89427185058594,88.95005798339844,67.60963439941406,44.989009857177734,218.46531677246094
2019-01-04,60.95756912231445,91.92698669433594,69.99620056152344,45.97352600097656,225.7830047607422
2019-01-07,61.66169738769531,92.80908203125,70.42107391357422,46.12297058105469,227.56321716308594
2019-01-08,62.07927322387695,93.95758056640625,71.18042755126953,46.518516540527344,229.70126342773438
2019-01-09,62.4886589050293,94.50886535644531,71.57819366455078,46.52732849121094,230.77474975585938
2019-01-10,62.685184478759766,94.63748931884766,71.90362548828125,46.87892532348633,231.58876037597656
2019-01-11,63.09455490112305,94.7017822265625,71.69568634033203,46.88772201538086,231.67828369140625
2019-01-14,62.71792984008789,93.87486267089844,71.31604766845703,46.544898986816406,230.26480102539062
2019-01-15,62.93080520629883,95.35415649414062,71.96691131591797,47.01079559326172,232.90383911132812
2019-01-16,63.09455490112305,95.2071533203125,72.0301742553711,47.00199508666992,233.46743774414062
2019-01-17,63.58583068847656,95.9330062866211,72.68106842041016,47.318458557128906,235.2386932373047
2019-01-18,64.56015014648438,96.94368743896484,73.65735626220703,47.84587097167969,238.3697052001953
2019-01-22,63.544891357421875,95.87786865234375,72.60872650146484,47.511844635009766,235.1492156982422
2019-01-23,63.48757553100586,96.17186737060547,72.65392303466797,47.784339904785156,235.64122009277344
2019-01-24,63.95427322387695,95.88707733154297,72.71720123291016,47.67006301879883,235.76646423339844
2019-01-25,64.59290313720703,96.5118637084961,73.51274871826172,47.83707809448242,237.7613983154297
2019-01-28,64.28177642822266,95.54711151123047,73.00650024414062,47.73160171508789,235.95436096191406
2019-01-29,64.28997039794922,95.15202331542969,73.04265594482422,47.81071472167969,235.64122009277344
2019-01-30,64.81399536132812,97.14583587646484,73.96472930908203,48.32054901123047,239.37167358398438
2019-01-31,65.2643051147461,98.03707885742188,75.11279296875,48.66338348388672,241.4739227294922
2019-02-01,65.48535919189453,98.22085571289062,75.44729614257812,48.77765655517578,241.5902099609375
2019-02-04,65.6655044555664,98.40459442138672,75.9444808959961,49.12046813964844,243.28990173339844
2019-02-05,65.73101043701172,98.56079864501953,76.44165802001953,49.2611198425293,244.3096923828125
2019-02-06,65.93567657470703,98.6343002319336,76.30607604980469,49.190799713134766,243.98760986328125
2019-02-07,65.010498046875,98.19327545166016,75.54670715332031,49.085323333740234,241.6617889404297
2019-02-08,64.76486206054688,98.56999206542969,75.7455825805664,49.2874870300293,241.95697021484375
2019-02-11,64.86312103271484,98.56999206542969,75.82693481445312,49.2962760925293,242.0911407470703
2019-02-12,65.73101043701172,99.59907531738281,76.69479370117188,49.647891998291016,245.20431518554688
2019-02-13,66.13221740722656,99.64500427246094,77.12870788574219,49.76216125488281,246.00047302246094
2019-02-14,65.97664642333984,99.52555084228516,76.98404693603516,49.62152099609375,245.45474243164062
2019-02-15,66.79541015625,100.572998046875,77.77053833007812,50.13136291503906,248.1295623779297
2019-02-19,67.05742645263672,100.6465072631836,77.77053833007812,50.23685073852539,248.55902099609375
2019-02-20,67.2048110961914,100.60973358154297,78.0869369506836,50.280799865722656,249.05995178222656
2019-02-21,66.80359649658203,100.80269622802734,77.66205596923828,50.30716323852539,248.17433166503906
2019-02-22,67.1474838256836,101.51936340332031,78.42140197753906,50.57966613769531,249.71295166015625
2019-02-25,67.3357925415039,101.32640838623047,78.48470306396484,50.439022064208984,250.05288696289062
2019-02-26,67.22117614746094,101.32640838623047,78.46662139892578,50.41264724731445,249.87403869628906
2019-02-27,66.91007232666016,101.10589599609375,78.5750732421875,50.403865814208984,249.7666473388672
2019-02-28,66.50067138671875,101.3631820678711,78.38525390625,50.52693557739258,249.30145263671875
2019-03-01,66.72992706298828,101.86854553222656,78.95477294921875,50.79063415527344,250.85804748535156
2019-03-04,66.26319122314453,101.08753967285156,78.7468490600586,50.51813507080078,249.9455108642578
2019-03-05,65.96845245361328,101.0416030883789,78.65646362304688,50.509342193603516,249.6056365966797
2019-03-06,65.16604614257812,100.4811019897461,78.36717224121094,50.31595993041992,248.09378051757812
2019-03-07,64.60110473632812,99.87470245361328,77.73439025878906,50.08740234375,246.01840209960938
2019-03-08,64.53561401367188,99.58985900878906,77.58972930908203,50.043460845947266,245.52639770507812
2019-03-11,65.46082305908203,100.89457702636719,78.78302764892578,50.61484146118164,249.0867462158203
2019-03-12,65.62454986572266,101.30804443359375,79.10845184326172,50.746681213378906,250.0260467529297
2019-03-13,66.00121307373047,101.88690948486328,79.53331756591797,51.01040267944336,251.68109130859375
2019-03-14,65.8128890991211,101.9052734375,79.50621795654297,50.9664421081543,251.52000427246094
2019-03-15,66.20590209960938,102.47492980957031,79.85877227783203,51.14225769042969,252.76268005371094
2019-03-18,66.52520751953125,102.50250244140625,79.95816040039062,51.177406311035156,253.67918395996094
2019-03-19,66.57435607910156,102.7230453491211,79.9129867553711,51.063148498535156,253.74205017089844
2019-03-20,65.7602767944336,102.40190124511719,79.75325012207031,50.87425994873047,252.97828674316406
2019-03-21,66.70878601074219,103.5091552734375,80.54288482666016,51.52738952636719,255.83563232421875
2019-03-22,65.20764923095703,102.33731842041016,79.0725326538086,51.13021469116211,250.9117431640625
2019-03-25,64.9107666015625,102.44805145263672,79.04531860351562,51.19200134277344,250.72299194335938
2019-03-26,65.4798583984375,103.12162780761719,79.7623291015625,51.571529388427734,252.5919647216797
2019-03-27,65.14993286132812,102.61412811279297,79.41741943359375,51.43030548095703,251.27113342285156
2019-03-28,65.2901611328125,102.83558654785156,79.78955841064453,51.60683059692383,252.22360229492188
2019-03-29,65.86749267578125,103.5091552734375,80.37045288085938,51.898101806640625,253.8138885498047
2019-04-01,66.99748229980469,103.8690185546875,81.20548248291016,52.08345031738281,256.8239440917969
2019-04-02,66.70878601074219,103.67523193359375,81.27806854248047,52.04814147949219,256.94976806640625
2019-04-03,67.1294174194336,103.62910461425781,81.35974884033203,52.01283645629883,257.3541259765625
2019-04-04,67.51708221435547,103.39842987060547,81.55035400390625,52.04814147949219,258.03704833984375
2019-04-05,67.88822174072266,103.83212280273438,81.9678955078125,52.27762222290039,259.28594970703125
2019-04-08,67.93772888183594,103.89669036865234,82.06770324707031,52.268798828125,259.48370361328125
2019-04-09,67.2448959350586,103.73062896728516,81.61388397216797,52.11875915527344,258.15386962890625
2019-04-10,67.65728759765625,104.03510284423828,81.9678955078125,52.24231719970703,259.03436279296875
2019-04-11,67.69853210449219,103.73062896728516,82.0223388671875,52.22467041015625,258.9624328613281
2019-04-12,67.94597625732422,104.0719985961914,82.7393798828125,52.45414352416992,260.7146301269531
2019-04-15,67.77276611328125,104.33038330078125,82.7393798828125,52.52477264404297,260.5438232421875
2019-04-16,68.24288940429688,103.67523193359375,82.87548065185547,52.21583938598633,260.7146301269531
2019-04-17,68.27589416503906,102.79866790771484,82.62136840820312,51.898101806640625,260.0766906738281
2019-04-18,68.39960479736328,103.02013397216797,82.53968048095703,51.98637390136719,260.58868408203125
2019-04-22,68.18514251708984,103.02013397216797,82.53968048095703,51.924591064453125,260.8133544921875
2019-04-23,68.65528869628906,103.8413314819336,83.45639038085938,52.36589050292969,263.1585693359375
2019-04-24,68.30064392089844,104.01665496826172,83.40190887451172,52.42768096923828,262.57452392578125
2019-04-25,67.69029998779297,104.514892578125,83.12056732177734,52.392364501953125,262.41278076171875
2019-04-26,67.73978424072266,105.3453369140625,83.40190887451172,52.6748046875,263.6347961425781
2019-04-29,67.95421600341797,105.17001342773438,83.39285278320312,52.54240417480469,264.048095703125
2019-04-30,68.11917877197266,105.84359741210938,83.42007446289062,53.02785110473633,264.1828918457031
2019-05-01,67.74801635742188,105.03162384033203,82.69396209716797,52.4982795715332,262.1971435546875
2019-05-02,67.62431335449219,104.9854965209961,82.56690979003906,52.50712585449219,261.6310729980469
2019-05-03,68.31710815429688,105.73287200927734,83.20225524902344,52.718936920166016,264.1918640136719
2019-05-06,68.011962890625,105.66828918457031,82.88459014892578,52.69245147705078,263.10467529296875
2019-05-07,66.93147277832031,104.11811828613281,81.46869659423828,52.09227752685547,258.71087646484375
2019-05-08,66.58506774902344,104.0535659790039,81.42328643798828,52.07461929321289,258.3514404296875
2019-05-09,66.22215270996094,103.89669036865234,81.16007995605469,52.07461929321289,257.56988525390625
2019-05-10,66.41187286376953,104.78248596191406,81.53221130371094,52.471805572509766,258.8636779785156
2019-05-13,64.5643539428711,103.17697143554688,79.54451751708984,51.87161636352539,252.3583984375
2019-05-14,65.3478775024414,103.71215057373047,80.17984008789062,52.09227752685547,254.64053344726562
2019-05-15,65.58708190917969,104.15503692626953,80.8333511352539,52.31293487548828,256.132080078125
2019-05-16,65.80976104736328,105.30843353271484,81.4595947265625,52.78954315185547,258.5042419433594
2019-05-17,65.30665588378906,105.01316833496094,81.01486206054688,52.718936920166016,256.8330383300781
2019-05-20,64.87776184082031,104.66253662109375,80.44305419921875,52.63949966430664,255.13487243652344
2019-05-21,65.60360717773438,105.26231384277344,81.1510009765625,53.001373291015625,257.4349670410156
2019-05-22,64.86125183105469,105.60369873046875,80.90594482421875,53.15141677856445,256.644287109375
2019-05-23,64.06121826171875,104.88400268554688,79.84400177001953,52.904273986816406,253.50848388671875
2019-05-24,64.20967864990234,105.04082489013672,79.88938903808594,52.93959045410156,254.08343505859375
2019-05-28,63.343650817871094,104.17351531982422,79.1996078491211,52.38353729248047,251.72039794921875
2019-05-29,62.98899841308594,103.5091552734375,78.59149932861328,52.09227752685547,250.03121948242188
2019-05-30,62.84878158569336,104.30268859863281,78.79115295410156,52.36589050292969,250.71409606933594
2019-05-31,61.57859420776367,103.51838684082031,77.92891693115234,52.17171096801758,247.33560180664062
2019-06-03,62.13946533203125,102.81714630126953,77.68389129638672,52.45414352416992,246.7065887451172
2019-06-04,63.954010009765625,104.81939697265625,79.51728057861328,53.001373291015625,252.06192016601562
2019-06-05,63.88803482055664,106.5817642211914,80.243408203125,53.725128173828125,254.2452392578125
2019-06-06,64.19317626953125,107.41222381591797,80.75165557861328,54.086997985839844,255.89854431152344
2019-06-07,64.58906555175781,108.80547332763672,81.71373748779297,54.413578033447266,258.4592590332031
2019-06-10,65.06745147705078,109.03617095947266,82.03140258789062,54.3606071472168,259.6453552246094
2019-06-11,65.17469024658203,108.63016510009766,82.09491729736328,54.192909240722656,259.5825500488281
2019-06-12,64.76228332519531,108.9346694946289,81.95877838134766,54.42238235473633,259.1242370605469
2019-06-13,65.3231430053711,109.11923217773438,82.29461669921875,54.466522216796875,260.1933288574219
2019-06-14,64.96849060058594,108.90697479248047,82.0223388671875,54.64305114746094,259.906005859375
2019-06-17,64.87043762207031,108.82638549804688,82.00865936279297,54.53213882446289,260.0047607421875
2019-06-18,65.80947875976562,109.65078735351562,82.82964324951172,54.71846389770508,262.727294921875
2019-06-19,65.92584991455078,110.4380874633789,83.13069915771484,55.029022216796875,263.3203430175781
2019-06-20,66.30812072753906,111.5681381225586,84.12499237060547,55.42829895019531,265.83624267578125
2019-06-21,66.20008850097656,110.91973876953125,83.88783264160156,55.2419548034668,265.44970703125
2019-06-24,65.92584991455078,110.89196014404297,83.63237762451172,55.29519271850586,265.1246643066406
2019-06-25,65.76792907714844,109.61371612548828,82.9208755493164,54.96689987182617,262.5244445800781
2019-06-26,66.20840454101562,109.02091979980469,82.74754333496094,54.354679107666016,262.262451171875
2019-06-27,66.74024963378906,109.39142608642578,83.02120971679688,54.558753967285156,263.1924743652344
2019-06-28,67.4715576171875,109.85455322265625,83.4408187866211,54.771697998046875,264.5468444824219
2019-07-01,67.87045288085938,111.00311279296875,84.13414764404297,55.00239181518555,266.948486328125
2019-07-02,67.72087097167969,111.7533950805664,84.34394836425781,55.41054916381836,267.6437683105469
2019-07-03,68.11975860595703,112.89268493652344,85.15581512451172,56.00502395629883,269.7835693359375
2019-07-05,68.15299987792969,112.47587585449219,84.97335815429688,55.889678955078125,269.4765319824219
2019-07-08,67.8039779663086,111.92012786865234,84.47164154052734,55.783203125,267.9959411621094
2019-07-09,67.73750305175781,112.2720947265625,84.60845947265625,55.88080596923828,268.3299865722656
2019-07-10,67.94523620605469,112.85564422607422,84.96424865722656,56.138118743896484,269.612060546875
2019-07-11,68.17794036865234,113.06868743896484,85.15581512451172,56.14698028564453,270.2440185546875
2019-07-12,68.90924072265625,113.44845581054688,85.45684814453125,56.27120590209961,271.45391845703125
2019-07-15,68.89261627197266,113.68927764892578,85.54804992675781,56.368804931640625,271.54425048828125
2019-07-16,68.7264175415039,113.18909454345703,85.2652816772461,56.21797180175781,270.66845703125
2019-07-17,68.11143493652344,112.72595977783203,84.68146514892578,56.05824279785156,268.8265380859375
2019-07-18,68.51034545898438,113.420654296875,85.03721618652344,56.31557846069336,269.8106689453125
2019-07-19,68.45219421386719,112.49439239501953,84.40777587890625,55.80094528198242,268.3118896484375
2019-07-22,68.46878051757812,113.0316162109375,84.67232513427734,55.8098258972168,268.97100830078125
2019-07-23,69.12530517578125,113.2724609375,85.2652816772461,55.98727798461914,270.8941650390625
2019-07-24,69.96467590332031,113.61517333984375,85.703125,55.969520568847656,272.167236328125
2019-07-25,69.49098205566406,113.2076187133789,85.30175018310547,55.99614334106445,270.86712646484375
2019-07-26,69.6904067993164,113.9671630859375,85.83998107910156,56.41317367553711,272.6819152832031
2019-07-29,69.62393188476562,113.7911605834961,85.81260681152344,56.493011474609375,272.1852722167969
2019-07-30,69.41616821289062,113.5595932006836,85.47508239746094,56.235713958740234,271.5172119140625
2019-07-31,68.55189514160156,111.82747650146484,84.5902328491211,55.685604095458984,268.54669189453125
2019-08-01,67.61286926269531,111.66075897216797,83.81483459472656,55.60575866699219,266.2081604003906
2019-08-02,66.95630645751953,110.50293731689453,83.0394515991211,55.534767150878906,264.2037048339844
2019-08-05,65.06986999511719,107.1035385131836,80.40310668945312,54.23046112060547,256.2582702636719
2019-08-06,65.6931381225586,109.0394287109375,81.59815216064453,55.08225631713867,259.8518371582031
2019-08-07,65.61005401611328,109.36363220214844,81.66197967529297,55.339561462402344,260.00537109375
2019-08-08,66.60729217529297,111.6422348022461,83.40432739257812,56.27120590209961,265.1066589355469
2019-08-09,65.6931381225586,111.29025268554688,82.69281768798828,56.111488342285156,263.30084228515625
2019-08-12,64.83719635009766,109.91938018798828,81.77146911621094,55.66785430908203,260.0955505371094
2019-08-13,65.7430191040039,111.54961395263672,83.1215591430664,56.15585708618164,264.1405334472656
2019-08-14,63.474281311035156,108.48369598388672,80.55818939208984,54.92253875732422,256.33056640625
2019-08-15,63.299766540527344,108.94683074951172,80.83186340332031,55.35730743408203,257.0076904296875
2019-08-16,64.42996978759766,110.45662689208984,82.02690124511719,55.88080596923828,260.79986572265625
2019-08-19,65.30256652832031,111.51255798339844,83.0120849609375,56.35992431640625,263.9418640136719
2019-08-20,64.61280822753906,110.91973876953125,82.37354278564453,55.98727798461914,261.9194030761719
2019-08-21,65.26933288574219,111.93865203857422,83.05770874023438,56.368804931640625,264.05023193359375
2019-08-22,65.37734985351562,111.8182144165039,83.06681823730469,56.47529220581055,263.96893310546875
2019-08-23,63.524147033691406,108.96533203125,80.74064636230469,55.42829895019531,257.188232421875
2019-08-26,64.04769897460938,110.37323760986328,81.66197967529297,55.98727798461914,260.0323791503906
2019-08-27,63.37456512451172,110.46588897705078,81.62551879882812,55.92516326904297,259.0120544433594
2019-08-28,64.09758758544922,110.9753189086914,82.15459442138672,56.191341400146484,260.83599853515625
2019-08-29,65.10311126708984,112.29059600830078,83.13980102539062,56.65273666381836,264.16754150390625
2019-08-30,65.45214080810547,112.12389373779297,83.0850830078125,56.57289123535156,264.05023193359375
2019-09-03,65.11141967773438,111.53108978271484,82.473876953125,56.643863677978516,262.50634765625
2019-09-04,66.10037231445312,112.86488342285156,83.40432739257812,57.122989654541016,265.4858703613281
2019-09-05,67.40509796142578,113.95787811279297,84.74532318115234,57.24721145629883,268.8987731933594
2019-09-06,67.62944793701172,113.92083740234375,84.85477447509766,57.398048400878906,269.10638427734375
2019-09-09,68.83444213867188,112.03124237060547,84.68146514892578,56.927791595458984,269.2418212890625
2019-09-10,69.80677795410156,110.37323760986328,84.59935760498047,56.4575309753418,269.1786193847656
2019-09-11,70.48822021484375,110.85491180419922,85.0554428100586,56.643863677978516,271.0927429199219
2019-09-12,70.29705810546875,111.8830795288086,85.32913970947266,56.89230728149414,272.03192138671875
2019-09-13,70.3469467163086,111.24393463134766,85.1922836303711,56.63499069213867,271.8511962890625
2019-09-16,69.9979019165039,110.7344970703125,84.80915832519531,56.52851486206055,271.01153564453125
2019-09-17,69.80677795410156,111.72559356689453,85.1375732421875,57.007652282714844,271.69775390625
2019-09-18,69.48265075683594,111.8645248413086,85.18317413330078,57.06088638305664,271.86016845703125
2019-09-19,69.37462615966797,111.98494720458984,85.0554428100586,57.14961624145508,271.8421936035156
2019-09-20,69.21673583984375,111.55886840820312,84.58112335205078,57.007652282714844,270.5578308105469
2019-09-23,69.16685485839844,111.6329574584961,84.76355743408203,57.08749771118164,270.4942321777344
2019-09-24,68.3704833984375,110.87541961669922,84.1746826171875,56.995704650878906,268.37176513671875
2019-09-25,68.96441650390625,111.11709594726562,84.67840576171875,57.05808639526367,269.9591369628906
2019-09-26,68.62144470214844,111.34017181396484,84.46775817871094,57.16503143310547,269.3967590332031
2019-09-27,68.31192779541016,110.1782455444336,84.09223937988281,56.86201858520508,267.9454650878906
2019-09-30,68.62981414794922,110.8475112915039,84.6234359741211,57.1293830871582,269.1881408691406
2019-10-01,67.46699523925781,109.65771484375,83.55191802978516,56.648109436035156,265.9862365722656
2019-10-02,66.06999969482422,107.70567321777344,82.11404418945312,55.863807678222656,261.28759765625
2019-10-03,66.4297103881836,108.88619995117188,82.8467025756836,56.23814010620117,263.42828369140625
2019-10-04,67.1240234375,110.6523208618164,84.07392120361328,57.06700897216797,266.9930419921875
2019-10-07,66.88980865478516,110.05738067626953,83.65262603759766,56.75507354736328,265.8410339355469
2019-10-08,65.70191192626953,108.03102111816406,82.27886962890625,56.13119125366211,261.7139587402344
2019-10-09,66.29586029052734,109.23941802978516,83.03903198242188,56.51441955566406,264.1993103027344
2019-10-10,66.97344970703125,109.62980651855469,83.59770202636719,56.772884368896484,265.9862365722656
2019-10-11,68.0860595703125,110.50357818603516,84.83406829833984,56.835269927978516,268.74371337890625
2019-10-14,68.02747344970703,110.30836486816406,84.84324645996094,56.75507354736328,268.4443359375
2019-10-15,68.96441650390625,110.89399719238281,85.57588958740234,56.897666931152344,271.1019287109375
2019-10-16,68.71347045898438,110.26190185546875,85.37442016601562,56.92439651489258,270.6665954589844
2019-10-17,68.75531005859375,110.5500717163086,85.64916229248047,57.06700897216797,271.46484375
2019-10-18,68.71347045898438,109.92726135253906,85.19124603271484,57.111568450927734,270.276611328125
2019-10-21,69.27395629882812,110.47567749023438,85.75908660888672,57.23635482788086,272.1088562011719
2019-10-22,69.69221496582031,109.1371841430664,85.49346923828125,56.74614334106445,271.21990966796875
2019-10-23,69.72567749023438,109.08139038085938,85.53926849365234,56.82636642456055,272.0091247558594
2019-10-24,69.5416259765625,110.31767272949219,85.9605484008789,56.835269927978516,272.4535827636719
2019-10-25,70.56220245361328,110.63372802734375,86.40013122558594,56.603538513183594,273.5691833496094
2019-10-28,71.25655364990234,111.15425872802734,86.83058166503906,56.594642639160156,275.1112060546875
2019-10-29,71.23146057128906,111.22864532470703,86.69320678710938,56.781803131103516,275.02960205078125
2019-10-30,71.01395416259766,112.02802276611328,86.83058166503906,57.09373474121094,275.87310791015625
2019-10-31,70.5789566040039,111.56326293945312,86.49173736572266,56.995704650878906,275.1383361816406
2019-11-01,71.73339080810547,111.99083709716797,87.37094116210938,57.022438049316406,277.687255859375
2019-11-04,72.69540405273438,111.34017181396484,87.70064544677734,56.612464904785156,278.802978515625
2019-11-05,72.9212417602539,110.6708984375,87.61820983886719,56.33617401123047,278.4945983886719
2019-11-06,72.82926177978516,111.07062530517578,87.63654327392578,56.648109436035156,278.5580749511719
2019-11-07,73.2224349975586,111.20072937011719,87.9295883178711,56.612464904785156,279.5377197265625
2019-11-08,73.43155670166016,111.95367431640625,88.11278533935547,56.594642639160156,280.22705078125
2019-11-11,73.26424407958984,112.02802276611328,87.97539520263672,56.48768615722656,279.69189453125
2019-11-12,73.30606842041016,112.3812484741211,88.1493911743164,56.52333068847656,280.2814025878906
2019-11-13,72.87107849121094,113.24573516845703,88.39666748046875,56.85310363769531,280.3721923828125
2019-11-14,72.87945556640625,113.1341781616211,88.5798568725586,56.986785888671875,280.7802734375
2019-11-15,73.59886169433594,113.6082534790039,89.25757598876953,57.26307678222656,282.8121643066406
2019-11-18,73.58213806152344,113.82203674316406,89.27590942382812,57.40568161010742,283.020751953125
2019-11-19,73.02163696289062,114.53778076171875,89.37662506103516,57.47698211669922,282.9391174316406
2019-11-20,72.47789764404297,114.21244049072266,88.96450805664062,57.42351150512695,281.88690185546875
2019-11-21,72.52806854248047,113.46882629394531,88.845458984375,57.147220611572266,281.4335021972656
2019-11-22,72.87945556640625,113.56177520751953,89.06523132324219,57.1917839050293,282.0593566894531
2019-11-25,73.59886169433594,114.35186004638672,89.84371185302734,57.325477600097656,284.2453308105469
2019-11-26,73.32279968261719,115.2442398071289,90.14594268798828,57.78000259399414,284.889404296875
2019-11-27,73.59886169433594,115.66250610351562,90.61299896240234,57.949344635009766,286.1591796875
2019-11-29,73.1889419555664,115.23494720458984,90.34742736816406,57.78892135620117,285.09796142578125
2019-12-02,72.72886657714844,113.8870849609375,89.61474609375,57.38785171508789,282.67608642578125
2019-12-03,71.85049438476562,113.97077178955078,89.01030731201172,57.25417709350586,280.7802734375
2019-12-04,72.36914825439453,114.5005874633789,89.6605453491211,57.53044891357422,282.5128479003906
2019-12-05,72.53646850585938,114.70512390136719,89.9169921875,57.62849807739258,283.020751953125
2019-12-06,73.25588989257812,114.98395538330078,90.66795349121094,57.860225677490234,285.60589599609375
2019-12-09,73.01329040527344,114.62147521972656,90.51226043701172,57.72652816772461,284.70794677734375
2019-12-10,72.94635772705078,114.43553924560547,90.3932113647461,57.66413879394531,284.3904113769531
2019-12-11,73.19730377197266,114.70512390136719,90.72290802001953,57.65522766113281,285.1977233886719
2019-12-12,74.31828308105469,114.80735778808594,91.40061950683594,57.79783630371094,287.65582275390625
2019-12-13,73.9000244140625,115.3093032836914,91.31819915771484,57.940433502197266,287.8282165527344
2019-12-16,74.60250091552734,115.92996978759766,91.92534637451172,58.212989807128906,289.8056335449219
2019-12-17,74.61932373046875,115.71530151367188,91.85173034667969,58.17711639404297,289.86907958984375
2019-12-18,74.74568176269531,115.66864013671875,91.94373321533203,58.15022659301758,289.8871765136719
2019-12-19,75.00680541992188,116.37797546386719,92.3208999633789,58.383323669433594,291.07550048828125
2019-12-20,75.6385269165039,117.22730255126953,92.84521484375,58.75988006591797,292.3515930175781
2019-12-23,75.70590209960938,116.76998138427734,92.85443115234375,58.50884246826172,292.7982482910156
2019-12-24,75.68907165527344,116.9566421508789,92.82684326171875,58.56262969970703,292.80731201171875
2019-12-26,75.89964294433594,117.33932495117188,93.16719055175781,58.73298645019531,294.3661193847656
2019-12-27,75.73960876464844,117.51663970947266,93.18560791015625,58.876426696777344,294.2931213378906
2019-12-30,75.3184585571289,116.93798065185547,92.73481750488281,58.68815231323242,292.6705322265625
2019-12-31,75.57955169677734,117.18997192382812,92.9096450805664,58.81367874145508,293.3815612792969
2020-01-02,76.06809997558594,117.58198547363281,93.7191390991211,58.83160400390625,296.125244140625
2020-01-03,75.25106048583984,117.5633316040039,93.11200714111328,58.86746597290039,293.8829345703125
2020-01-06,75.13314819335938,117.69398498535156,93.3327865600586,58.94815444946289,295.0041198730469
2020-01-07,75.2426528930664,117.40464782714844,93.20399475097656,58.70608901977539,294.17462158203125
2020-01-08,75.41110229492188,118.02998352050781,93.5811538696289,58.83160400390625,295.7425231933594
2020-01-09,75.54586029052734,119.05665588378906,94.34466552734375,59.199195861816406,297.7478332519531
2020-01-10,75.22579193115234,119.05665588378906,94.21588134765625,59.17228317260742,296.89093017578125
2020-01-13,75.46163940429688,120.16732025146484,94.99778747558594,59.53089904785156,298.93280029296875
2020-01-14,75.7311782836914,119.93397521972656,94.85981750488281,59.49504089355469,298.47705078125
2020-01-15,75.43637084960938,120.9513168334961,95.14498138427734,59.907466888427734,299.1514892578125
2020-01-16,76.05123901367188,121.91268920898438,95.91769409179688,60.36470413208008,301.63995361328125
2020-01-17,76.1186294555664,122.62200164794922,96.18445587158203,60.62467575073242,302.5788879394531
2020-01-21,75.75645446777344,123.25666046142578,95.92688751220703,60.77711868286133,301.9863586425781
2020-01-22,76.1607437133789,123.54598236083984,95.98206329345703,60.88469696044922,302.0227966308594
2020-01-23,76.21129608154297,123.7793197631836,95.89012145996094,61.02814483642578,302.3691711425781
2020-01-24,75.6974868774414,123.22868347167969,94.89659881591797,60.741249084472656,299.68023681640625
2020-01-27,74.13080596923828,122.13668823242188,93.32359313964844,60.31089782714844,294.87652587890625
2020-01-28,74.88046264648438,123.21002197265625,94.16069793701172,60.669517517089844,297.9665832519531
2020-01-29,74.08027648925781,122.82735443115234,94.28947448730469,60.463314056396484,297.720458984375
2020-01-30,74.12236785888672,123.69535827636719,94.41825866699219,60.938499450683594,298.6866149902344
2020-01-31,72.72415161132812,121.57666015625,92.27490234375,60.19435501098633,293.2631530761719
2020-02-03,73.06107330322266,122.73401641845703,93.19478607177734,60.51710891723633,295.4416198730469
2020-02-04,74.37508392333984,124.25536346435547,94.5654296875,60.92952346801758,299.9445495605469
2020-02-05,75.967041015625,124.17137908935547,95.7153091430664,61.40469741821289,303.40826416015625
2020-02-06,76.05967712402344,124.79670715332031,96.05567169189453,61.47642517089844,304.42926025390625
2020-02-07,75.4532241821289,124.3206558227539,95.42095184326172,61.315040588378906,302.8066711425781
2020-02-10,75.73960876464844,125.59002685546875,95.88089752197266,61.673675537109375,305.06732177734375
2020-02-11,76.33765411376953,125.69268798828125,96.05567169189453,61.781253814697266,305.5959777832031
2020-02-12,76.99462890625,126.01935577392578,96.63521575927734,61.870914459228516,307.5648498535156
2020-02-13,76.6829833984375,126.88738250732422,96.40523529052734,62.16676712036133,307.2366943359375
2020-02-14,76.1607437133789,127.74605560302734,96.5892105102539,62.46263122558594,307.72894287109375
2020-02-18,75.6974868774414,127.64334106445312,96.32243347167969,62.41780471801758,306.9359130859375
2020-02-19,76.101806640625,127.94205474853516,96.6443862915039,62.39091110229492,308.4034729003906
2020-02-20,75.967041015625,127.41000366210938,96.35003662109375,62.265377044677734,307.1365051269531
2020-02-21,75.20051574707031,126.25269317626953,95.42095184326172,62.08607864379883,303.9734802246094
2020-02-24,72.50515747070312,123.11669158935547,92.12770080566406,60.830909729003906,293.8920593261719
2020-02-25,69.89405059814453,119.70064544677734,89.31281280517578,59.3067741394043,284.9865417480469
2020-02-26,69.16123962402344,119.00065612792969,89.11963653564453,59.10055923461914,283.9382629394531
2020-02-27,66.25530242919922,113.77394104003906,85.32964324951172,56.47367858886719,271.1861267089844
2020-02-28,65.71621704101562,112.84062194824219,84.58454895019531,54.93161392211914,270.0467224121094
2020-03-02,68.33576965332031,118.281982421875,88.32854461669922,57.97092056274414,281.741455078125
2020-03-03,66.12897491455078,115.98596954345703,85.67922973632812,56.966766357421875,273.6746520996094
2020-03-04,68.73165893554688,121.29667663574219,89.0184555053711,59.53089904785156,285.1778869628906
2020-03-05,66.33112335205078,117.91795349121094,86.21276092529297,58.06056213378906,275.69818115234375
2020-03-06,65.09292602539062,116.2939682006836,84.9525146484375,57.54056930541992,271.1405029296875
2020-03-09,58.944149017333984,108.360595703125,78.97320556640625,54.061954498291016,249.96595764160156
2020-03-10,62.04380798339844,113.02728271484375,83.05752563476562,55.80125427246094,262.9003601074219
2020-03-11,58.64091873168945,107.38993072509766,78.97320556640625,53.37160110473633,250.08448791503906
2020-03-12,51.99517822265625,97.76719665527344,71.57721710205078,48.35989761352539,226.1570587158203
2020-03-13,57.15847396850586,105.59790802001953,78.0624771118164,51.57850646972656,245.49038696289062
2020-03-16,49.90625762939453,92.54051971435547,70.11457061767578,46.37852478027344,218.62791442871094
2020-03-17,52.610050201416016,98.98987579345703,73.16866302490234,48.80818176269531,230.43206787109375
2020-03-18,50.10841751098633,93.66050720214844,70.02259826660156,46.55783462524414,218.76461791992188
2020-03-19,49.86415100097656,93.03517150878906,70.04100799560547,45.75093460083008,219.2294921875
2020-03-20,47.60679626464844,87.55647277832031,66.28781127929688,43.34817886352539,209.78199768066406
2020-03-23,46.60445022583008,84.33645629882812,63.73048782348633,41.78818893432617,204.41822814941406
2020-03-24,51.27922058105469,93.31517791748047,70.33535766601562,45.41025161743164,222.939208984375
2020-03-25,52.01534652709961,95.47612762451172,71.83361053466797,46.20682144165039,226.27664184570312
2020-03-26,55.37227249145508,101.7762222290039,75.8659896850586,49.42742156982422,239.48887634277344
2020-03-27,53.27633285522461,99.78868103027344,73.50761413574219,48.39899826049805,232.3555145263672
2020-03-30,54.78438949584961,102.96688079833984,76.25442504882812,49.950645446777344,239.90142822265625
2020-03-31,53.67677307128906,99.82620239257812,74.95039367675781,48.7237548828125,236.32565307617188
2020-04-01,50.69473648071289,94.96052551269531,71.82437896728516,46.85635757446289,225.68984985351562
2020-04-02,51.39338302612305,96.47927856445312,73.516845703125,47.90281295776367,230.89772033691406
2020-04-03,50.49025344848633,94.76364135742188,72.37928771972656,47.226226806640625,227.560302734375
2020-04-06,54.247615814208984,101.54183197021484,77.22551727294922,50.2032470703125,242.84469604492188
2020-04-07,54.90366744995117,100.7636947631836,77.45673370361328,50.12205123901367,243.09225463867188
2020-04-08,57.13593673706055,103.6137466430664,80.04633331298828,51.96238708496094,251.25247192382812
2020-04-09,58.14130783081055,104.43872833251953,80.86946868896484,53.369693756103516,255.0758056640625
2020-04-13,57.280799865722656,104.8699951171875,79.57467651367188,52.26008224487305,252.74697875976562
2020-04-14,58.57585144042969,108.95757293701172,82.08102416992188,53.75761032104492,260.2011413574219
2020-04-15,56.522491455078125,107.56066131591797,80.18505859375,52.440513610839844,254.6724395751953
2020-04-16,56.360618591308594,109.29505157470703,80.3515396118164,52.71113586425781,255.90109252929688
2020-04-17,58.337276458740234,111.0857162475586,82.67292785644531,54.2447624206543,262.8142395019531
2020-04-20,56.98258590698242,109.89505767822266,81.16541290283203,53.06297302246094,258.18414306640625
2020-04-21,55.03999710083008,105.77941131591797,78.76080322265625,51.73685073852539,250.3447265625
2020-04-22,56.053890228271484,108.6012954711914,80.57350158691406,52.675048828125,255.90109252929688
2020-04-23,56.23280715942383,108.31068420410156,80.49028015136719,52.27812576293945,255.88278198242188
2020-04-24,57.05927276611328,109.88568115234375,81.7665786743164,52.75625228881836,259.4493408203125
2020-04-27,58.47360610961914,111.2825927734375,83.17235565185547,53.595237731933594,263.190185546875
2020-04-28,59.12965393066406,109.89505767822266,83.18160247802734,53.58620834350586,261.97991943359375
2020-04-29,61.361942291259766,112.56697845458984,85.36426544189453,54.10041809082031,268.83819580078125
2020-04-30,59.62382888793945,111.5075912475586,84.15270233154297,53.28850555419922,266.3351135253906
2020-05-01,57.26375198364258,108.7794418334961,82.13651275634766,52.196937561035156,259.28424072265625
2020-05-04,57.17855453491211,110.24195098876953,82.39549255371094,52.35029602050781,259.9994812011719
2020-05-05,57.4171028137207,111.9857177734375,83.18160247802734,52.891578674316406,262.4017333984375
2020-05-06,56.73549270629883,111.95759582519531,82.75617218017578,52.22400665283203,260.6229553222656
2020-05-07,57.40858840942383,112.76383972167969,83.69026947021484,52.83744812011719,263.767822265625
2020-05-08,59.18930435180664,114.04825592041016,85.08680725097656,53.56816864013672,268.1322326660156
2020-05-11,58.64400863647461,115.63264465332031,85.22555541992188,53.405784606933594,268.18719482421875
2020-05-12,57.12742233276367,113.5982437133789,83.34808349609375,52.494632720947266,262.8418273925781
2020-05-13,55.29560470581055,112.49198150634766,82.05329132080078,51.74588394165039,258.1932373046875
2020-05-14,56.505455017089844,113.4482421875,83.04286193847656,52.24204635620117,261.2830505371094
2020-05-15,56.24134063720703,114.8076400756836,83.67178344726562,52.46757125854492,262.48419189453125
2020-05-18,59.206329345703125,115.92327880859375,86.26139068603516,53.91096496582031,270.4794616699219
2020-05-19,58.430999755859375,115.38887786865234,85.25330352783203,53.28850555419922,267.7012939453125
2020-05-20,59.691993713378906,116.52325439453125,86.61282348632812,53.75761032104492,272.24896240234375
2020-05-21,59.24042510986328,115.44514465332031,86.09489440917969,53.39675521850586,270.36944580078125
2020-05-22,59.112613677978516,115.9888916015625,86.26139068603516,53.58620834350586,270.8829040527344
2020-05-26,61.140419006347656,115.11701202392578,87.64865112304688,54.19063949584961,274.2203063964844
2020-05-27,63.202274322509766,115.9513931274414,88.64751434326172,54.867218017578125,278.3003234863281
2020-05-28,61.72829055786133,116.2326431274414,88.38853454589844,55.3633918762207,277.78692626953125
2020-05-29,61.6856803894043,118.05140686035156,88.87871551513672,55.58892822265625,279.0246887207031
2020-06-01,61.941287994384766,118.68891143798828,89.1746826171875,55.778377532958984,280.15252685546875
2020-06-02,62.597328186035156,118.81080627441406,89.86830139160156,55.931732177734375,282.4721374511719
2020-06-03,64.09689331054688,118.6607894897461,91.2093734741211,56.418880462646484,286.23138427734375
2020-06-04,64.98297882080078,117.32015991210938,90.69143676757812,55.98586654663086,285.4794921875
2020-06-05,67.18968963623047,118.67018127441406,92.96659088134766,57.140586853027344,292.7962646484375
2020-06-08,68.62958526611328,119.6170425415039,93.80821228027344,57.74500274658203,296.33538818359375
2020-06-09,67.15562438964844,120.07642364501953,92.87410736083984,57.140586853027344,294.1258239746094
2020-06-10,65.60493469238281,121.84835815429688,92.3191909790039,56.869930267333984,292.48455810546875
2020-06-11,60.799598693847656,116.1857681274414,86.84402465820312,54.019229888916016,275.6229553222656
2020-06-12,62.0265007019043,116.65452575683594,87.77814483642578,54.362030029296875,278.923828125
2020-06-15,62.60646438598633,118.4087905883789,88.55329132080078,54.75371551513672,281.5278015136719
2020-06-16,63.78011703491211,120.58990478515625,90.20570373535156,55.55158233642578,286.94659423828125
2020-06-17,62.9748420715332,120.93773651123047,89.80653381347656,55.40652084350586,285.754638671875
2020-06-18,62.81207275390625,120.95652770996094,89.74156951904297,55.4337272644043,285.8646240234375
2020-06-19,62.44371032714844,121.84024810791016,89.22168731689453,55.089176177978516,284.23101806640625
2020-06-22,62.42656707763672,122.91200256347656,89.82511138916016,55.20704650878906,286.05438232421875
2020-06-23,62.43511962890625,123.11882781982422,90.31712341308594,55.1707763671875,287.37127685546875
2020-06-24,60.4990348815918,120.76852416992188,87.88489532470703,54.010250091552734,280.0408020019531
2020-06-25,61.05585479736328,122.21632385253906,88.6832504272461,54.52705001831055,283.0429382324219
2020-06-26,59.71085739135742,119.8189926147461,86.39958190917969,53.69291305541992,276.32025146484375
2020-06-29,60.94450378417969,120.65569305419922,87.68995666503906,54.31851577758789,280.3815002441406
2020-06-30,61.92112731933594,123.15641784667969,89.0453109741211,54.9713249206543,283.97308349609375
2020-07-01,61.29574966430664,124.82988739013672,89.51876068115234,55.20704650878906,285.9622497558594
2020-07-02,61.68125915527344,125.7887954711914,90.06647491455078,55.37931823730469,287.5370178222656
2020-07-06,62.563621520996094,128.421142578125,91.36614990234375,55.678524017333984,291.975830078125
2020-07-07,61.36427688598633,127.97928619384766,90.25214385986328,55.28865051269531,288.9644470214844
2020-07-08,61.5527458190918,129.45526123046875,90.75343322753906,55.39744186401367,291.1746520996094
2020-07-09,60.28485870361328,130.32957458496094,90.1314468383789,55.071041107177734,289.51702880859375
2020-07-10,61.67268753051758,131.14747619628906,91.05049896240234,55.49717330932617,292.47314453125
2020-07-13,61.518463134765625,128.43995666503906,90.27998352050781,55.10731887817383,289.9405822753906
2020-07-14,62.38372802734375,130.17918395996094,91.56108856201172,55.97772216796875,293.6979675292969
2020-07-15,63.634498596191406,130.45179748535156,92.75862884521484,56.38570785522461,296.39617919921875
2020-07-16,63.79725646972656,129.8125,92.31302642822266,56.43105697631836,295.4201354980469
2020-07-17,63.85722732543945,130.5834197998047,92.72151184082031,57.00225067138672,296.2764892578125
2020-07-20,63.51455307006836,133.7046356201172,93.1485366821289,57.03852462768555,298.6709289550781
2020-07-21,64.0799789428711,132.34146118164062,93.52912139892578,57.129180908203125,299.306396484375
2020-07-22,64.61111450195312,132.95254516601562,94.28109741210938,57.682254791259766,301.00994873046875
2020-07-23,64.57683563232422,130.2919921875,93.24136352539062,57.392120361328125,297.4184265136719
2020-07-24,62.85490036010742,128.82542419433594,92.28518676757812,57.047584533691406,295.5029296875
2020-07-27,63.00054168701172,130.87486267089844,92.94429779052734,57.24705505371094,297.65789794921875
2020-07-28,62.75210952758789,129.66213989257812,92.23876953125,57.10198974609375,295.7699890136719
2020-07-29,63.343223571777344,131.17572021484375,93.21350860595703,57.63692092895508,299.4075927734375
2020-07-30,62.81207275390625,131.17572021484375,92.78646850585938,57.40119552612305,298.33935546875
2020-07-31,62.57219696044922,131.7961883544922,93.45486450195312,57.482791900634766,300.6968688964844
2020-08-03,62.923439025878906,133.44142150878906,93.77977752685547,57.53717803955078,302.787353515625
2020-08-04,63.38605880737305,133.98667907714844,94.12325286865234,57.79106140136719,303.9569396972656
2020-08-05,63.59166717529297,134.1841278076172,95.04229736328125,57.74571228027344,305.84478759765625
2020-08-06,63.274696350097656,134.65415954589844,95.60858917236328,57.890785217285156,307.88922119140625
2020-08-07,64.00286865234375,133.53541564941406,95.86853790283203,58.32599639892578,308.1102600097656
2020-08-10,65.18508911132812,132.482421875,96.10062408447266,58.26253128051758,309.0311279296875
2020-08-11,65.10797882080078,129.8125,95.61787414550781,57.72758483886719,306.4801940917969
2020-08-12,65.43353271484375,133.3285675048828,96.8154296875,58.31692123413086,310.7532958984375
2020-08-13,64.76531982421875,134.0242919921875,96.58336639404297,58.2081298828125,310.1914978027344
2020-08-14,65.13367462158203,133.9208526611328,96.53693389892578,58.217193603515625,310.2007751464844
2020-08-17,65.01374816894531,136.3557891845703,96.83399200439453,58.489200592041016,311.1860656738281
2020-08-18,64.60254669189453,137.23947143554688,96.88041687011719,58.489200592041016,311.8583984375
2020-08-19,64.5597152709961,136.55320739746094,96.58336639404297,58.06306076049805,310.5599060058594
2020-08-20,64.03713989257812,138.15142822265625,96.8061294555664,58.06306076049805,311.5268249511719
2020-08-21,64.00286865234375,138.84710693359375,97.09391784667969,57.99052047729492,312.6319274902344
2020-08-24,65.14225769042969,138.39590454101562,98.16148376464844,58.36225128173828,315.7999267578125
2020-08-25,65.03089141845703,139.3078155517578,98.49568939208984,58.4710578918457,316.90496826171875
2020-08-26,64.75672912597656,141.83673095703125,99.39617156982422,58.62519836425781,320.0821228027344
2020-08-27,64.91093444824219,141.6769256591797,99.47975158691406,58.897186279296875,320.7820129394531
2020-08-28,65.58772277832031,142.2786102294922,100.4637680053711,59.16919708251953,322.8540344238281
2020-08-31,64.9794692993164,144.29042053222656,99.86963653564453,59.05132293701172,321.6845397949219
2020-09-01,64.87669372558594,145.9638671875,100.57516479492188,59.033199310302734,324.7143249511719
2020-09-02,66.23881530761719,147.01683044433594,102.26470184326172,60.16652297973633,329.4109802246094
2020-09-03,64.68819427490234,139.62742614746094,98.85774993896484,58.724918365478516,318.0744934082031
2020-09-04,64.87669372558594,137.68138122558594,97.9665298461914,58.36225128173828,315.4776306152344
2020-09-08,63.71158981323242,131.86199951171875,95.62716674804688,57.42839050292969,306.85772705078125
2020-09-09,64.31983947753906,135.94216918945312,97.15889739990234,58.31692123413086,312.91741943359375
2020-09-10,63.24897003173828,133.51663208007812,95.56217193603516,57.50091552734375,307.48406982421875
2020-09-11,63.728721618652344,133.0559844970703,95.63642883300781,57.673194885253906,307.6405029296875
2020-09-14,64.70535278320312,136.00791931152344,96.8896713256836,58.4801139831543,311.69256591796875
2020-09-15,64.53400421142578,138.17965698242188,97.41883850097656,58.75211715698242,313.26739501953125
2020-09-16,65.17652893066406,136.4309844970703,97.27029418945312,58.7430534362793,312.0240783691406
2020-09-17,65.03089141845703,134.99256896972656,96.4069595336914,58.434783935546875,309.2798156738281
2020-09-18,64.43121337890625,134.4567413330078,95.5064697265625,57.89984893798828,305.7191162109375
2020-09-21,62.87205123901367,134.9362030029297,93.97473907470703,57.21985626220703,302.3166809082031
2020-09-22,62.923439025878906,135.99853515625,94.97730255126953,57.60971450805664,305.39556884765625
2020-09-23,61.73260498046875,132.23085021972656,93.36621856689453,56.491729736328125,298.31317138671875
2020-09-24,61.896453857421875,132.4380645751953,93.49674224853516,56.56462478637695,299.1082763671875
2020-09-25,62.413814544677734,135.6020965576172,94.8113784790039,57.34821701049805,303.9440002441406
2020-09-28,63.71591567993164,137.5230712890625,96.36839294433594,57.986026763916016,308.99224853515625
2020-09-29,63.26751708984375,137.43832397460938,96.08868408203125,57.73090744018555,307.3095397949219
2020-09-30,63.62104415893555,138.8038330078125,96.72270965576172,58.06803512573242,309.6394958496094
2020-10-01,63.84524917602539,140.54591369628906,97.25414276123047,58.314048767089844,311.6273498535156
2020-10-02,63.9745979309082,137.29713439941406,96.48027801513672,58.08625030517578,308.6685791015625
2020-10-05,65.11284637451172,140.3670196533203,98.07463836669922,58.85161590576172,314.1423034667969
2020-10-06,64.59546661376953,138.19174194335938,96.92782592773438,58.241153717041016,309.67645263671875
2020-10-07,65.86304473876953,140.7154083251953,98.44757080078125,58.942745208740234,315.0669860839844
2020-10-08,66.9754409790039,141.2710418701172,99.35194396972656,59.49856185913086,317.8592224121094
2020-10-09,66.63912200927734,143.02256774902344,100.31228637695312,59.88123321533203,320.6977233886719
2020-10-12,67.19099426269531,145.64041137695312,101.58961486816406,60.437049865722656,325.8569030761719
2020-10-13,66.54428100585938,145.86642456054688,100.89965057373047,60.02701950073242,323.7303771972656
2020-10-14,66.36319732666016,144.90589904785156,100.3029556274414,59.7536735534668,321.6961975097656
2020-10-15,66.7253646850586,143.9547882080078,100.17243194580078,59.489437103271484,321.2986755371094
2020-10-16,66.81159973144531,143.64405822753906,100.15377807617188,59.61699676513672,321.1045227050781
2020-10-19,66.1821060180664,141.51585388183594,98.55946350097656,58.7149658203125,316.22265625
2020-10-20,66.39765930175781,141.23330688476562,99.04428100585938,58.787841796875,317.4892883300781
2020-10-21,66.1217269897461,140.46115112304688,99.20277404785156,58.86984634399414,316.8883361816406
2020-10-22,67.0616455078125,140.32937622070312,99.75285339355469,59.0703125,318.6266174316406
2020-10-23,66.61326599121094,140.6966094970703,100.26566314697266,59.25252914428711,319.7083740234375
2020-10-26,65.00936889648438,139.12400817871094,98.12124633789062,58.37781524658203,313.80023193359375
2020-10-27,63.87974548339844,139.34054565429688,97.68302917480469,57.94047164916992,312.7183837890625
2020-10-28,62.03440856933594,134.6698455810547,94.03750610351562,56.22749710083008,302.0300598144531
2020-10-29,62.750118255615234,135.39492797851562,95.0817642211914,56.3732795715332,305.0997314453125
2020-10-30,62.93981170654297,132.99362182617188,94.21465301513672,56.18193435668945,301.91912841796875
2020-11-02,64.19878387451172,134.04833984375,95.39876556396484,56.99286651611328,305.3031311035156
2020-11-03,65.44915771484375,136.4684600830078,97.18889617919922,57.94957733154297,310.6934814453125
2020-11-04,65.5267562866211,142.59873962402344,99.5477294921875,58.58740234375,317.6372985839844
2020-11-05,67.13063049316406,145.22605895996094,101.2632827758789,59.088531494140625,323.8320617675781
2020-11-06,66.66497802734375,145.1978302001953,101.08614349365234,59.28898620605469,323.7581481933594
2020-11-09,69.08807373046875,140.98851013183594,103.46363830566406,60.25481414794922,327.8263854980469
2020-11-10,70.02798461914062,139.2369842529297,103.28650665283203,60.68304443359375,327.3455810546875
2020-11-11,69.9590072631836,142.07142639160156,103.60350036621094,60.974613189697266,329.7773132324219
2020-11-12,68.72592163085938,141.6853485107422,102.372802734375,60.34593200683594,326.5781555175781
2020-11-13,70.44190216064453,142.34458923339844,103.99508666992188,61.12952423095703,331.0994567871094
2020-11-16,72.0457992553711,142.5705108642578,105.29107666015625,61.612430572509766,335.232421875
2020-11-17,71.69224548339844,142.61761474609375,104.8621826171875,61.229740142822266,333.4294128417969
2020-11-18,71.25247955322266,141.93963623046875,103.62213134765625,60.45526123046875,329.4167175292969
2020-11-19,71.47667694091797,143.08847045898438,103.76200103759766,60.564598083496094,330.8036193847656
2020-11-20,71.13174438476562,142.40103149414062,102.98812866210938,60.27303695678711,328.53826904296875
2020-11-23,72.8391342163086,142.4857635498047,103.7060546875,60.35504150390625,330.50762939453125
2020-11-24,74.59821319580078,143.19200134277344,105.37496948242188,60.901729583740234,335.8334045410156
2020-11-25,73.9601058959961,144.7740478515625,105.00202178955078,60.792388916015625,335.315673828125
2020-11-27,74.00325012207031,146.4314727783203,105.24443054199219,60.883506774902344,336.24951171875
2020-11-30,73.27889251708984,147.1282958984375,104.85285949707031,60.72861862182617,334.76092529296875
2020-12-01,74.10671997070312,147.22242736816406,106.29802703857422,61.175086975097656,338.42230224609375
2020-12-02,74.68445587158203,146.5067901611328,106.08358764648438,60.974613189697266,339.1341857910156
2020-12-03,75.17597961425781,146.96817016601562,106.19546508789062,60.86530303955078,339.0417175292969
2020-12-04,76.5815200805664,147.73095703125,107.07186126708984,61.175086975097656,341.9635925292969
2020-12-07,75.98654174804688,149.0586700439453,106.92268371582031,61.11128616333008,341.26080322265625
2020-12-08,76.56429290771484,149.727294921875,107.34222412109375,61.293514251708984,342.2593994140625
2020-12-09,76.47806549072266,146.0641632080078,106.54973602294922,61.01107406616211,339.1897888183594
2020-12-10,75.934814453125,147.5896759033203,106.2140884399414,60.774166107177734,339.0787658691406
2020-12-11,75.46053314208984,147.4013671875,106.23274230957031,60.883506774902344,338.6811218261719
2020-12-14,74.97900390625,148.3354949951172,105.64137268066406,60.7114372253418,337.1648864746094
2020-12-15,75.79454803466797,149.7414093017578,106.97007751464844,61.34298324584961,341.7231140136719
2020-12-16,75.5776596069336,150.4301300048828,106.97007751464844,61.32468032836914,342.2593994140625
2020-12-17,75.61235809326172,152.44935607910156,107.77478790283203,61.91963577270508,344.17327880859375
2020-12-18,74.69269561767578,152.7701416015625,107.38178253173828,61.91044998168945,342.79901123046875
2020-12-21,74.29359436035156,152.67581176757812,106.84844970703125,61.397884368896484,341.5734558105469
2020-12-22,73.62553405761719,153.65711975097656,106.61451721191406,61.205684661865234,340.9976501464844
2020-12-23,74.31962585449219,152.17568969726562,106.54902648925781,61.1690788269043,341.3041687011719
2020-12-24,74.42374420166016,152.60977172851562,107.10108184814453,61.42537307739258,342.6319274902344
2020-12-28,74.46710205078125,151.9209442138672,107.89642333984375,61.6358757019043,345.5754699707031
2020-12-29,74.36300659179688,151.47747802734375,107.79349517822266,61.507728576660156,344.9161071777344
2020-12-30,74.70137023925781,152.0341796875,108.04613494873047,61.590118408203125,345.40826416015625
2020-12-31,75.40413665771484,152.18515014648438,108.73857116699219,62.130130767822266,347.1632385253906
2021-01-04,74.73607635498047,151.0340576171875,107.00749969482422,61.260616302490234,342.43695068359375
2021-01-05,75.6557388305664,152.40216064453125,107.43794250488281,61.32468032836914,344.7953796386719
2021-01-06,77.62522888183594,151.2227325439453,107.93385314941406,61.88300323486328,346.8567199707031
2021-01-07,78.63166046142578,155.90274047851562,109.1502685546875,62.25827407836914,352.01025390625
2021-01-08,78.27591705322266,158.47865295410156,109.68363189697266,62.587791442871094,354.0158386230469
2021-01-11,78.81385040283203,156.534912109375,109.17835998535156,62.26742935180664,351.6295166015625
2021-01-12,79.85498809814453,157.45962524414062,108.9444351196289,61.88300323486328,351.7037353515625
2021-01-13,80.08922576904297,158.00685119628906,108.98186492919922,61.873836517333984,352.65093994140625
2021-01-14,81.50345611572266,157.08216857910156,108.3642807006836,61.52605438232422,351.41595458984375
2021-01-15,80.47098541259766,155.35546875,107.8122329711914,61.590118408203125,348.8531799316406
2021-01-19,81.19110870361328,157.1199188232422,108.66371154785156,61.91044998168945,351.5923767089844
2021-01-20,81.59889221191406,160.29022216796875,109.7771987915039,62.46879577636719,356.4578857421875
2021-01-21,81.90254211425781,160.94129943847656,109.86141967773438,62.157596588134766,356.7828674316406
2021-01-22,80.69657135009766,160.9979248046875,109.19707489013672,62.00200271606445,355.5201416015625
2021-01-25,80.50569152832031,161.4980010986328,109.49649810791016,62.459632873535156,356.92218017578125
2021-01-26,80.34952545166016,159.76187133789062,109.27193450927734,62.41387939453125,356.3651123046875
2021-01-27,78.65769958496094,154.32699584960938,106.76420593261719,61.02263641357422,347.6554260253906
2021-01-28,79.07413482666016,156.884033203125,107.95259094238281,61.260616302490234,350.6452941894531
2021-01-29,77.89418029785156,154.61009216308594,105.66007995605469,60.436851501464844,343.6254577636719
2021-02-01,78.87460327148438,158.42198181152344,107.10108184814453,61.02263641357422,349.34527587890625
2021-02-02,79.62071990966797,161.6489715576172,108.71986389160156,61.56266403198242,354.2850341796875
2021-02-03,79.9851303100586,161.17723083496094,108.51399993896484,61.233154296875,354.5635986328125
2021-02-04,81.05229949951172,162.98880004882812,109.82398223876953,61.66334915161133,358.593505859375
2021-02-05,81.30389404296875,164.2814483642578,110.42283630371094,61.98368453979492,360.0049133300781
2021-02-08,82.58795928955078,165.8760528564453,111.19947814941406,62.26742935180664,362.6048278808594
2021-02-09,82.58795928955078,165.7816925048828,111.1246337890625,62.30404281616211,362.3634033203125
2021-02-10,82.60531616210938,165.21560668945312,111.21818542480469,62.157596588134766,362.20556640625
2021-02-11,83.01309204101562,166.7535400390625,111.80769348144531,62.1850700378418,362.79058837890625
2021-02-12,83.63776397705078,167.98959350585938,112.0977554321289,62.26742935180664,364.5826721191406
2021-02-16,83.68983459472656,167.5555877685547,111.78898620605469,61.81893539428711,364.26690673828125
2021-02-17,83.83732604980469,166.1308135986328,111.96675872802734,61.99284744262695,364.3504638671875
2021-02-18,83.44690704345703,164.96084594726562,111.71412658691406,62.056922912597656,362.79986572265625
2021-02-19,84.2798080444336,164.7532501220703,111.3585433959961,61.43451690673828,362.1591491699219
2021-02-22,84.08024597167969,158.87489318847656,110.6567611694336,61.141632080078125,359.37353515625
2021-02-23,84.10628509521484,157.497314453125,110.99362182617188,61.24229431152344,359.8099060058594
2021-02-24,86.05840301513672,158.5823974609375,112.25682830810547,61.55350875854492,363.7747497558594
2021-02-25,83.58570098876953,152.4776611328125,109.51522064208984,60.80295944213867,355.0093994140625
2021-02-26,83.27337646484375,153.70425415039062,109.03797912597656,60.20802688598633,353.18017578125
2021-03-01,85.2948989868164,158.42198181152344,111.54570007324219,61.233154296875,361.7413024902344
2021-03-02,84.8263931274414,155.55361938476562,110.71288299560547,61.02263641357422,358.9184265136719
2021-03-03,84.75698852539062,149.29788208007812,109.1315689086914,60.2995491027832,354.1644592285156
2021-03-04,83.4815902709961,145.18399047851562,107.59700012207031,59.658843994140625,349.7816467285156
2021-03-05,85.68534088134766,146.5050048828125,110.14212799072266,61.013484954833984,356.2165222167969
2021-03-08,86.4314956665039,141.53253173828125,109.9830551147461,61.1873893737793,354.4429931640625
2021-03-09,86.79588317871094,148.60911560058594,111.33047485351562,61.53519821166992,359.5035705566406
2021-03-10,87.80229187011719,148.29769897460938,112.0977554321289,61.91963577270508,361.7413024902344
2021-03-11,88.25346374511719,153.2608184814453,113.03347778320312,62.066062927246094,365.40899658203125
2021-03-12,89.2165298461914,151.87379455566406,112.91181945800781,62.358943939208984,365.90118408203125
2021-03-15,90.00604248046875,153.58157348632812,114.04402160644531,62.798301696777344,368.08319091796875
2021-03-16,89.65032958984375,152.9683074951172,114.0627670288086,62.90813446044922,367.6189880371094
2021-03-17,90.6567611694336,153.4212188720703,114.07209014892578,62.6244010925293,368.8724365234375
2021-03-18,89.65900421142578,148.25057983398438,112.40653991699219,62.17589569091797,363.505615234375
2021-03-19,89.66767120361328,149.63754272460938,112.0135498046875,62.038604736328125,362.8329162597656
2021-03-22,90.07545471191406,151.75111389160156,113.0147476196289,62.596946716308594,365.73016357421875
2021-03-23,87.863037109375,150.95852661132812,112.25682830810547,62.532867431640625,362.8515930175781
2021-03-24,87.0648422241211,147.22207641601562,111.81704711914062,62.40471267700195,361.0069885253906
2021-03-25,88.1683578491211,146.94070434570312,112.29643249511719,62.803550720214844,363.0379333496094
2021-03-26,89.74604797363281,149.55592346191406,114.68389129638672,63.869598388671875,368.88824462890625
2021-03-29,89.05745697021484,148.56460571289062,114.82489776611328,64.21879577636719,368.7019348144531
2021-03-30,89.57173919677734,148.76287841796875,114.16693878173828,63.65821075439453,367.7236633300781
2021-03-31,89.31024169921875,151.86900329589844,114.46771240234375,63.584716796875,369.21429443359375
2021-04-01,90.22547149658203,154.2764434814453,115.69905090332031,64.07176208496094,373.201416015625
2021-04-05,91.4196548461914,156.46676635742188,117.1277847290039,64.82532501220703,378.5580139160156
2021-04-06,91.23660278320312,157.4203338623047,117.10897064208984,64.80694580078125,378.3345031738281
2021-04-07,91.10582733154297,157.33534240722656,117.07139587402344,64.65992736816406,378.77239990234375
2021-04-08,91.01868438720703,159.80892944335938,117.54135131835938,64.7793960571289,380.5702819824219
2021-04-09,91.52424621582031,160.8474578857422,118.471923828125,65.03670501708984,383.3370666503906
2021-04-12,91.16685485839844,161.59327697753906,118.32151794433594,65.1102066040039,383.47686767578125
2021-04-13,90.45210266113281,164.76547241210938,118.34972381591797,65.31240844726562,384.6133728027344
2021-04-14,90.62641906738281,162.3202362060547,118.06773376464844,65.2388916015625,383.2997741699219
2021-04-15,91.04483032226562,165.69068908691406,119.36489868164062,65.99246215820312,387.4173889160156
2021-04-16,91.4196548461914,165.1903076171875,119.9288558959961,66.35084533691406,388.71240234375
2021-04-19,90.80949401855469,162.89613342285156,119.40247344970703,66.14868927001953,386.8026123046875
2021-04-20,89.61530303955078,161.36668395996094,118.6317138671875,66.34166717529297,383.9705505371094
2021-04-21,91.11457061767578,162.73562622070312,119.7502670288086,66.62654113769531,387.6037902832031
2021-04-22,90.26034545898438,161.6404571533203,118.86669921875,66.25895690917969,384.0636901855469
2021-04-23,90.89665222167969,164.2273406982422,119.900634765625,66.56224060058594,388.22784423828125
2021-04-26,91.14073181152344,165.79449462890625,119.8818588256836,66.24977111816406,389.038330078125
2021-04-27,91.30633544921875,165.24696350097656,119.78787231445312,66.0935287475586,388.9544982910156
2021-04-28,91.11457061767578,164.60496520996094,119.7314682006836,65.91893768310547,388.8427429199219
2021-04-29,91.6985855102539,163.887451171875,120.85000610351562,66.24977111816406,391.3206787109375
2021-04-30,90.89665222167969,162.58456420898438,119.96644592285156,66.12110137939453,388.7495422363281
2021-05-03,91.63756561279297,161.47056579589844,120.53984069824219,66.52548217773438,389.5879821777344
2021-05-04,91.48068237304688,158.3172149658203,119.9946517944336,66.25895690917969,387.1844787597656
2021-05-05,92.17799377441406,157.4580535888672,119.9194564819336,66.20381927490234,387.3055725097656
2021-05-06,93.12809753417969,157.70352172851562,120.82180786132812,66.71844482421875,390.3985595703125
2021-05-07,94.01719665527344,159.28964233398438,121.75234985351562,67.01253509521484,393.2398376464844
2021-05-10,93.3721694946289,155.2394256591797,120.65262603759766,67.11359405517578,389.3457946777344
2021-05-11,92.16056823730469,155.56044006347656,119.6186752319336,66.46112060546875,385.8709716796875
2021-05-12,89.81581115722656,150.76434326171875,116.97738647460938,65.3675537109375,377.6730041503906
2021-05-13,91.3412094116211,151.2081298828125,118.622314453125,66.20381927490234,382.2098388671875
2021-05-14,92.70100402832031,154.7579345703125,120.2860336303711,66.75521087646484,388.0788879394531
2021-05-17,92.90145874023438,153.7666473388672,119.7502670288086,66.48870086669922,387.0913391113281
2021-05-18,91.72472381591797,153.00189208984375,118.7633056640625,66.19462585449219,383.75628662109375
2021-05-19,91.4632339477539,153.03968811035156,118.59410858154297,65.91893768310547,382.7501525878906
2021-05-20,92.18669891357422,156.4478759765625,119.9570541381836,66.7000732421875,386.86773681640625
2021-05-21,92.57894897460938,155.83419799804688,119.77848052978516,66.59899139404297,386.551025390625
2021-05-24,93.1629638671875,158.51544189453125,120.9157943725586,66.81951904296875,390.4916076660156
2021-05-25,92.35232543945312,158.78929138183594,120.75601196289062,66.54385375976562,389.6253356933594
2021-05-26,92.8404541015625,159.9694061279297,120.98161315917969,66.49788665771484,390.3985595703125
2021-05-27,93.71209716796875,160.86630249023438,121.03800201416016,66.46112060546875,390.60345458984375
2021-05-28,93.48548126220703,160.86630249023438,121.17898559570312,66.7000732421875,391.3020935058594
2021-06-01,93.85157012939453,162.00865173339844,120.93460083007812,66.3049087524414,390.9574279785156
2021-06-02,94.16537475585938,161.5743865966797,121.47978973388672,66.52548217773438,391.5722351074219
2021-06-03,94.20895385742188,160.52639770507812,121.1319808959961,66.49788665771484,390.1190185546875
2021-06-04,94.76683044433594,162.12196350097656,122.37276458740234,67.00333404541016,393.6869812011719
2021-06-07,94.5401840209961,162.18801879882812,122.43854522705078,66.95738220214844,393.304931640625
2021-06-08,94.4268798828125,162.0936279296875,122.32572937011719,66.87467193603516,393.38885498046875
2021-06-09,93.87773895263672,160.76246643066406,122.09075927734375,67.01253509521484,392.80194091796875
2021-06-10,93.7805404663086,160.61695861816406,122.79589080810547,67.5775146484375,394.6278076171875
2021-06-11,94.0870132446289,161.41053771972656,123.04100799560547,67.49456024169922,395.2799987792969
2021-06-14,93.36898040771484,160.75865173339844,123.29549407958984,67.60515594482422,396.1650085449219
2021-06-15,93.56163024902344,159.94610595703125,122.97500610351562,67.35630798339844,395.4384460449219
2021-06-16,92.65970611572266,159.54931640625,121.98518371582031,66.82172393798828,393.2304992675781
2021-06-17,91.31123352050781,158.0281982421875,122.19256591796875,66.98765563964844,393.10009765625
2021-06-18,89.55996704101562,155.84564208984375,120.60883331298828,66.21342468261719,387.7969970703125
2021-06-21,91.12736511230469,158.36831665039062,122.30569458007812,67.06136322021484,393.3487243652344
2021-06-22,91.12736511230469,159.4737091064453,123.06925201416016,67.2641372680664,395.45159912109375
2021-06-23,91.0135269165039,160.66421508789062,122.69217681884766,66.92312622070312,394.9749755859375
2021-06-24,91.78407287597656,162.67660522460938,123.4746322631836,67.35630798339844,397.3115234375
2021-06-25,92.20439147949219,163.03564453125,124.63414001464844,67.79871368408203,398.7228088378906
2021-06-28,92.02925872802734,163.30020141601562,125.19035339355469,67.927734375,399.526611328125
2021-06-29,91.70528411865234,163.50807189941406,125.38831329345703,67.9001235961914,399.7415771484375
2021-06-30,91.9942398071289,163.85763549804688,125.25630950927734,67.84481048583984,400.07806396484375
2021-07-01,92.30945587158203,164.14105224609375,126.010498046875,68.25955200195312,402.2931213378906
2021-07-02,92.283203125,164.32058715820312,127.13228607177734,68.68352508544922,405.36810302734375
2021-07-06,91.03103637695312,162.56324768066406,126.82122039794922,68.67430877685547,404.6297607421875
2021-07-07,91.03103637695312,161.92074584960938,127.45281219482422,69.08908081054688,406.05975341796875
2021-07-08,90.03282165527344,160.02171325683594,126.40644073486328,68.637451171875,402.75115966796875
2021-07-09,91.59143829345703,163.3096466064453,127.51880645751953,69.1167221069336,407.05035400390625
2021-07-12,92.01174926757812,165.076416015625,127.90534210205078,69.13516235351562,408.5083923339844
2021-07-13,91.11860656738281,163.37574768066406,127.66961669921875,68.9876708984375,407.11578369140625
2021-07-14,91.09233093261719,162.18533325195312,127.79215240478516,69.23651885986328,407.72332763671875
2021-07-15,90.68077850341797,161.80738830566406,127.31140899658203,69.30105590820312,406.33074951171875
2021-07-16,89.54244995117188,160.00282287597656,126.59496307373047,69.38398742675781,403.14361572265625
2021-07-19,88.06263732910156,157.80140686035156,124.98298645019531,68.73884582519531,397.1900634765625
2021-07-20,89.78764343261719,161.44837951660156,126.61384582519531,69.30105590820312,402.8819274902344
2021-07-21,90.89093017578125,164.2166748046875,127.55652618408203,69.33792114257812,406.143798828125
2021-07-22,90.32177734375,163.6686553955078,127.83930969238281,69.55912780761719,406.9943542480469
2021-07-23,90.4881362915039,165.20867919921875,129.64930725097656,70.27804565429688,411.181396484375
2021-07-26,91.0397720336914,165.86062622070312,129.7152862548828,70.14900970458984,412.19085693359375
2021-07-27,90.64576721191406,164.1788330078125,129.19683837890625,70.25960540771484,410.312255859375
2021-07-28,90.74208068847656,165.31265258789062,129.23455810546875,70.09369659423828,410.14398193359375
2021-07-29,91.84537506103516,166.3519287109375,129.8378448486328,70.25960540771484,411.844970703125
2021-07-30,91.35503387451172,165.3693084716797,129.4890594482422,70.2503662109375,409.84490966796875
2021-08-02,91.24996185302734,165.2370147705078,129.2816162109375,70.13057708740234,408.9850769042969
2021-08-03,92.33572387695312,167.14556884765625,130.24322509765625,70.56375885009766,412.3123474121094
2021-08-04,90.9172134399414,166.8243408203125,130.0452117919922,70.28723907470703,410.2842712402344
2021-08-05,91.35503387451172,168.85565185546875,130.8936767578125,70.52688598632812,412.8824768066406
2021-08-06,92.04678344726562,169.7815704345703,130.9031219482422,70.49002075195312,413.56475830078125
2021-08-09,91.84537506103516,171.23660278320312,130.77113342285156,70.56375885009766,413.22833251953125
2021-08-10,92.46708679199219,171.80343627929688,130.8087921142578,70.49925231933594,413.7424011230469
2021-08-11,93.10630798339844,171.6806182861328,130.96905517578125,70.60062408447266,414.7704772949219
2021-08-12,92.68598937988281,171.96405029296875,131.09165954589844,70.75731658935547,416.013427734375
2021-08-13,92.62470245361328,171.14207458496094,131.610107421875,71.05224609375,416.7705993652344
2021-08-16,92.57215881347656,169.7626495361328,132.39256286621094,71.42091369628906,417.75189208984375
2021-08-17,91.8016128540039,167.67466735839844,131.2801513671875,71.4946517944336,415.013427734375
2021-08-18,90.84715270996094,166.41806030273438,129.7152862548828,70.67436981201172,410.4710998535156
2021-08-19,90.10285949707031,164.78353881835938,130.27149963378906,70.98772430419922,411.106689453125
2021-08-20,90.61073303222656,165.98341369628906,131.55355834960938,71.5130844116211,414.3778991699219
2021-08-23,91.38130187988281,169.18634033203125,132.3737030029297,71.66053009033203,418.02294921875
2021-08-24,91.91544342041016,170.51846313476562,132.45855712890625,71.43013763427734,418.6866149902344
2021-08-25,92.3532485961914,171.91685485839844,132.67538452148438,71.42091369628906,419.56512451171875
2021-08-26,91.46885681152344,170.86810302734375,131.77978515625,71.07988739013672,417.0883483886719
2021-08-27,92.4057846069336,173.23008728027344,133.1090087890625,71.39328002929688,420.8175048828125
2021-08-30,91.98548126220703,172.71990966796875,133.65577697753906,71.6513442993164,422.66802978515625
2021-08-31,92.05553436279297,172.1813507080078,133.15615844726562,71.5683822631836,422.04180908203125
2021-09-01,91.48637390136719,171.9923858642578,133.23155212402344,71.83567810058594,422.2660827636719
2021-09-02,92.2394027709961,172.77662658691406,133.29750061035156,72.1490249633789,423.5653381347656
2021-09-03,91.76659393310547,172.993896484375,133.28814697265625,72.13059997558594,423.4624328613281
2021-09-07,91.11860656738281,173.02223205566406,132.24169921875,71.35639190673828,421.9483947753906
2021-09-08,90.82963562011719,171.48223876953125,132.04371643066406,71.7066421508789,421.434326171875
2021-09-09,90.5144271850586,172.14356994628906,131.54412841796875,71.22735595703125,419.6305236816406
2021-09-10,89.9014663696289,171.00035095214844,130.8654327392578,70.84024810791016,416.3219299316406
2021-09-13,90.8821792602539,171.38771057128906,130.7333984375,70.64672088623047,417.38739013671875
2021-09-14,89.83140563964844,170.08389282226562,130.13951110839844,70.34255981445312,415.1349182128906
2021-09-15,90.99602508544922,172.36085510253906,130.9596710205078,70.68354797363281,418.6024169921875
2021-09-16,90.74208068847656,172.37974548339844,130.7616729736328,70.49925231933594,417.9388122558594
2021-09-17,90.19043731689453,171.0381622314453,129.36651611328125,69.94622802734375,413.8675842285156
2021-09-20,88.50045776367188,166.48422241210938,127.29255676269531,69.28262329101562,406.9667663574219
2021-09-21,88.04512023925781,166.49365234375,127.18885040283203,69.24574279785156,406.582275390625
2021-09-22,88.95578002929688,169.2997283935547,128.02786254882812,69.58676147460938,410.5484313964844
2021-09-23,90.1816635131836,172.7860565185547,129.34767150878906,70.06604766845703,415.5366516113281
2021-09-24,90.28662109375,173.13058471679688,129.3268585205078,70.0068359375,416.2211608886719
2021-09-27,91.24797058105469,173.57546997070312,128.52308654785156,69.32220458984375,415.0303955078125
2021-09-28,90.1807861328125,169.31602478027344,125.78094482421875,68.2582778930664,406.666748046875
2021-09-29,90.25135803222656,168.03822326660156,125.95112609863281,68.68384552001953,407.3512268066406
2021-09-30,88.8137435913086,166.21142578125,124.56109619140625,67.99925231933594,402.3724365234375
2021-10-01,89.61634063720703,167.896240234375,125.82820892333984,68.37857055664062,407.1542663574219
2021-10-04,89.4134750366211,165.6056365966797,123.76683807373047,67.79570770263672,401.9035949707031
2021-10-05,90.08377075195312,167.9246368408203,125.2229995727539,68.21202850341797,406.0853576660156
2021-10-06,89.75746154785156,167.8015899658203,125.60123443603516,68.52656555175781,407.77313232421875
2021-10-07,90.77171325683594,169.73252868652344,126.81161499023438,69.13719940185547,411.2986145019531
2021-10-08,90.75408172607422,169.43907165527344,126.68867492675781,68.85038757324219,410.5484313964844
2021-10-11,90.12786865234375,168.05715942382812,125.93218231201172,68.48958587646484,407.5762634277344
2021-10-12,89.64278411865234,168.21807861328125,125.65801239013672,68.50808715820312,406.5729675292969
2021-10-13,89.61634063720703,168.94691467285156,126.59413146972656,68.92439270019531,408.03564453125
2021-10-14,91.21269989013672,172.14620971679688,128.8824005126953,69.93282318115234,414.8990783691406
2021-10-15,91.6889419555664,174.10549926757812,129.60105895996094,70.04385375976562,418.0588684082031
2021-10-18,91.4508285522461,175.42120361328125,130.3197021484375,70.14562225341797,419.2965087890625
2021-10-19,91.98881530761719,176.27304077148438,131.43551635742188,70.70995330810547,422.5313720703125
2021-10-20,92.93252563476562,176.49078369140625,131.8704833984375,71.09854888916016,424.1908874511719
2021-10-21,92.606201171875,176.88833618164062,132.56069946289062,71.43157958984375,425.2973327636719
2021-10-22,92.00643157958984,176.81260681152344,132.5134735107422,71.71837615966797,424.8566589355469
2021-10-25,92.16521453857422,179.74685668945312,133.23207092285156,71.81090545654297,427.13507080078125
2021-10-26,91.56546783447266,179.47238159179688,132.8727569580078,71.80167388916016,427.5194396972656
2021-10-27,90.1014175415039,177.27639770507812,131.89878845214844,71.0522689819336,425.6255798339844
2021-10-28,91.22150421142578,180.16331481933594,133.13755798339844,71.51484680175781,429.73223876953125
2021-10-29,91.01866149902344,180.48513793945312,134.16822814941406,71.74613189697266,430.60430908203125
2021-11-01,92.14756774902344,182.3403778076172,133.90341186523438,71.66287994384766,431.3450622558594
2021-11-02,92.37688446044922,182.31202697753906,134.66934204101562,72.04218292236328,433.0889587402344
2021-11-03,93.26765441894531,183.39100646972656,135.3123321533203,72.22721099853516,435.7331237792969
2021-11-04,93.13536834716797,182.70005798339844,136.83474731445312,72.31974792480469,437.7864990234375
2021-11-05,93.99088287353516,182.4634246826172,136.9198760986328,71.95893096923828,439.3053894042969
2021-11-08,94.33483123779297,182.96505737304688,137.0900421142578,72.023681640625,439.68048095703125
2021-11-09,94.2201919555664,180.1917266845703,137.1940460205078,71.97743225097656,438.2271728515625
2021-11-10,93.89385223388672,178.30813598632812,135.87025451660156,71.95893096923828,434.7016906738281
2021-11-11,94.53770446777344,178.80978393554688,136.07830810546875,71.8571548461914,434.8423156738281
2021-11-12,94.9257583618164,179.60487365722656,137.5249786376953,72.31050109863281,438.1240234375
2021-11-15,94.91691589355469,179.0558624267578,137.5817108154297,72.35674285888672,438.2740173339844
2021-11-16,94.5905990600586,179.98348999023438,138.13961791992188,72.56952667236328,440.0086669921875
2021-11-17,94.07026672363281,178.6110382080078,137.0333251953125,72.33824157714844,438.9398498535156
2021-11-18,93.54989624023438,178.56369018554688,137.20355224609375,72.17169952392578,440.4305725097656
2021-11-19,92.76494598388672,177.38999938964844,137.51553344726562,72.08844757080078,439.6430358886719
2021-11-22,93.80565643310547,177.84432983398438,136.46595764160156,71.81090545654297,438.40533447265625
2021-11-23,94.37894439697266,177.88221740722656,136.66453552246094,71.92192077636719,438.98663330078125
2021-11-24,94.23780059814453,178.69615173339844,137.1940460205078,72.09770202636719,440.1586608886719
2021-11-26,92.15638732910156,175.15618896484375,134.3384246826172,71.21879577636719,430.34173583984375
2021-11-29,92.42981719970703,177.84432983398438,136.01205444335938,71.80167388916016,435.62060546875
2021-11-30,90.1543197631836,173.35775756835938,133.35501098632812,70.2751235961914,427.14434814453125
2021-12-01,89.6075210571289,169.6473388671875,131.49221801757812,69.79405212402344,422.4000244140625
2021-12-02,91.51255798339844,172.48690795898438,133.3077392578125,70.968994140625,428.8696594238281
2021-12-03,91.45964050292969,168.7481231689453,132.08790588378906,70.86723327636719,425.13800048828125
2021-12-06,92.5444564819336,168.2748565673828,133.0996856689453,71.46859741210938,430.1730041503906
2021-12-07,94.06141662597656,173.96353149414062,136.239013671875,72.20870971679688,439.0710754394531
2021-12-08,93.87623596191406,174.1244354248047,136.40921020507812,72.30123138427734,440.233642578125
2021-12-09,93.41759490966797,171.25643920898438,135.3029022216797,72.04218292236328,437.261474609375
2021-12-10,94.3436508178711,173.0738067626953,136.3997802734375,72.80082702636719,441.3775939941406
2021-12-13,93.21577453613281,170.3553466796875,135.3917694091797,73.11637878417969,437.4676513671875
2021-12-14,92.9759750366211,168.3153533935547,134.29177856445312,72.62448120117188,434.4579162597656
2021-12-15,94.01506042480469,172.0157928466797,136.98484802246094,73.6546859741211,441.2463073730469
2021-12-16,94.64562225341797,169.29266357421875,135.26849365234375,73.76605987548828,437.3551940917969
2021-12-17,93.71310424804688,167.43295288085938,133.7228546142578,72.95861053466797,432.7004089355469
2021-12-20,92.6118392944336,164.6812744140625,131.9022216796875,72.61518859863281,428.0993957519531
2021-12-21,94.58345031738281,168.45767211914062,134.38662719726562,73.14422607421875,435.7020568847656
2021-12-22,95.28504943847656,170.4597625732422,135.5150146484375,73.66397094726562,440.0584411621094
2021-12-23,96.09324645996094,171.9304656982422,136.4348602294922,73.94239807128906,442.7965393066406
2021-12-27,97.09679412841797,175.01414489746094,138.71067810058594,74.77769470214844,449.0631103515625
2021-12-28,97.17671966552734,173.59088134765625,138.3597869873047,74.88908386230469,448.696044921875
2021-12-29,97.48755645751953,173.752197265625,138.72962951660156,75.21391296386719,449.2700500488281
2021-12-30,97.32768249511719,173.03111267089844,138.3597869873047,75.17677307128906,448.0280456542969
2021-12-31,97.22113037109375,172.5187530517578,138.02793884277344,75.08397674560547,446.8988952636719
2022-01-03,98.67762756347656,172.88877868652344,137.65811157226562,74.61990356445312,449.48651123046875
2022-01-04,100.37390899658203,172.29100036621094,137.4969024658203,74.36931610107422,449.3359069824219
2022-01-05,99.65453338623047,166.5125732421875,134.18753051757812,73.47833251953125,440.70770263671875
2022-01-06,99.89435577392578,167.10084533691406,134.310791015625,73.17204284667969,440.2936706542969
2022-01-07,100.22293853759766,165.56370544433594,133.04953002929688,72.90291595458984,438.552978515625
2022-01-10,100.32951354980469,166.14251708984375,132.45216369628906,72.71729278564453,438.0072021484375
2022-01-11,101.11992645263672,168.01171875,133.68492126464844,72.96790313720703,441.99676513671875
2022-01-12,101.27977752685547,168.69488525390625,133.8745574951172,73.05140686035156,443.1916809082031
2022-01-13,101.54621887207031,163.9886474609375,131.95909118652344,72.30892944335938,437.08514404296875
2022-01-14,102.06130981445312,163.34339904785156,131.72206115722656,72.00264739990234,437.26397705078125
2022-01-18,100.07194519042969,159.10206604003906,129.37037658691406,71.26013946533203,429.5201416015625
2022-01-19,98.01155853271484,157.28977966308594,128.18502807617188,71.17662811279297,425.06024169921875
2022-01-20,96.51063537597656,155.55337524414062,126.51610565185547,70.5083999633789,420.3556213378906
2022-01-21,94.77882385253906,151.80548095703125,124.42996978759766,69.78447723388672,412.10382080078125
2022-01-24,95.1518325805664,152.61199951171875,125.2644271850586,70.10001373291016,413.8537902832031
2022-01-25,94.62785339355469,150.21141052246094,123.46273040771484,68.96773529052734,408.8011474609375
2022-01-26,93.7841567993164,150.37271118164062,123.16879272460938,68.1417236328125,407.7755432128906
2022-01-27,92.78946685791016,148.50352478027344,122.62828063964844,68.1231460571289,405.7619323730469
2022-01-28,94.22821044921875,152.38426208496094,125.93766021728516,69.75663757324219,415.8392028808594
2022-01-31,95.30281066894531,156.938720703125,128.4315643310547,70.59192657470703,423.32891845703125
2022-02-01,95.69358825683594,158.75103759765625,129.16177368164062,70.69403839111328,426.18927001953125
2022-02-02,96.58169555664062,159.9939727783203,130.9254913330078,71.40866088867188,430.329345703125
2022-02-03,95.364990234375,156.24607849121094,126.92385864257812,70.57335662841797,420.2144775390625
2022-02-04,94.56568145751953,158.27658081054688,126.4876708984375,70.39701080322266,422.1903991699219
2022-02-07,94.92093658447266,157.88755798339844,125.96613311767578,70.24851989746094,420.8354797363281
2022-02-08,95.59588623046875,158.95974731445312,126.51610565185547,70.46197509765625,424.29803466796875
2022-02-09,97.07014465332031,162.8310089111328,128.94361877441406,71.29727935791016,430.5081787109375
2022-02-10,95.77349853515625,159.7852325439453,126.11780548095703,69.86800384521484,422.7737731933594
2022-02-11,94.73442077636719,155.1643829345703,123.50066375732422,69.16262817382812,414.437255859375
2022-02-14,93.8907241821289,153.97830200195312,122.8274154663086,68.82850646972656,413.0823059082031
2022-02-15,95.40938568115234,157.5839080810547,125.01788330078125,69.3111343383789,419.74407958984375
2022-02-16,95.42713928222656,157.707275390625,125.2644271850586,69.1162338256836,420.2144775390625
2022-02-17,93.89962005615234,152.3557891845703,122.48601531982422,68.27164459228516,411.2381286621094
2022-02-18,93.34898376464844,150.5909423828125,121.71794128417969,68.1045913696289,408.5752868652344
2022-02-22,92.17667388916016,148.77865600585938,120.14382934570312,67.59413146972656,404.1906433105469
2022-02-23,91.02212524414062,145.52413940429688,118.1904296875,66.71243286132812,397.02081298828125
2022-02-24,91.3329849243164,149.6421356201172,120.42832946777344,67.39922332763672,402.99566650390625
2022-02-25,93.74861907958984,152.57400512695312,123.39639282226562,68.91205596923828,411.8872985839844
2022-02-28,93.25128936767578,152.7353515625,123.15929412841797,68.42943572998047,410.83349609375
2022-03-01,91.501708984375,150.34423828125,121.52831268310547,68.1788330078125,404.5763854980469
2022-03-02,94.25483703613281,153.6747283935547,123.83253479003906,69.15335083007812,412.01910400390625
2022-03-03,93.80192565917969,151.44491577148438,123.32997131347656,69.37610626220703,409.9678955078125
2022-03-04,92.69178771972656,149.0348663330078,122.19210052490234,69.84014892578125,406.63702392578125
2022-03-07,90.18732452392578,143.12355041503906,118.5792236328125,68.75425720214844,394.64971923828125
2022-03-08,89.57450866699219,142.3929443359375,117.70683288574219,67.46419525146484,391.6575927734375
2022-03-09,91.29745483398438,148.10496520996094,120.85502624511719,68.55007934570312,402.1582336425781
2022-03-10,90.69354248046875,147.3838653564453,120.0679702758789,68.44799041748047,400.3422546386719
2022-03-11,89.86759948730469,144.537353515625,118.313720703125,67.96538543701172,395.25189208984375
2022-03-14,89.29032897949219,142.87686157226562,117.15686798095703,67.8911361694336,392.3631896972656
2022-03-15,90.7024154663086,146.52989196777344,119.68869018554688,69.1162338256836,400.9914855957031
2022-03-16,92.39871215820312,151.63467407226562,122.27741241455078,69.80303192138672,409.88311767578125
2022-03-17,93.26905822753906,154.32940673828125,123.97481536865234,70.61975860595703,415.0111389160156
2022-03-18,93.63317108154297,157.3372344970703,125.84285736083984,71.07454681396484,419.5567321777344
2022-03-21,93.55323791503906,157.13796997070312,125.56786346435547,70.94459533691406,419.4339599609375
2022-03-22,94.3525390625,159.9939727783203,126.83853149414062,71.29727935791016,424.34197998046875
2022-03-23,93.08253479003906,157.32774353027344,125.02735137939453,70.42486572265625,418.8771057128906
2022-03-24,94.49378967285156,160.00672912597656,127.01688385009766,71.12154388427734,425.19146728515625
2022-03-25,95.25395202636719,159.94969177246094,127.4162826538086,71.51272583007812,427.2679748535156
2022-03-28,94.98564910888672,161.97531127929688,128.31976318359375,72.09019470214844,430.3070068359375
2022-03-29,96.2645263671875,164.27671813964844,130.65924072265625,72.90982818603516,435.6303405761719
2022-03-30,95.42385864257812,162.35574340820312,129.75576782226562,72.83531188964844,432.94049072265625
2022-03-31,93.51897430419922,160.02572631835938,128.03448486328125,72.24854278564453,426.27691650390625
2022-04-01,93.41165161132812,160.28250122070312,128.2056427001953,72.72355651855469,427.4850158691406
2022-04-04,93.6441879272461,162.05133056640625,129.3182830810547,72.86326599121094,431.1470642089844
2022-04-05,92.22221374511719,158.5231475830078,127.60650634765625,72.66766357421875,425.70111083984375
2022-04-06,91.87342071533203,155.78424072265625,126.42724609375,73.01227569580078,421.44439697265625
2022-04-07,92.20431518554688,157.01109313964844,127.05492401123047,73.52456665039062,423.5679931640625
2022-04-08,92.77670288085938,156.23123168945312,126.53182983398438,73.67357635498047,422.4354248046875
2022-04-11,92.57099151611328,152.91221618652344,124.373046875,72.7794418334961,415.2150573730469
2022-04-12,92.3474349975586,152.10386657714844,123.84048461914062,72.4068832397461,413.6765441894531
2022-04-13,93.05392456054688,154.21507263183594,125.26700592041016,72.91914367675781,418.4146728515625
2022-04-14,92.4815673828125,151.3430633544922,123.86902618408203,72.44412231445312,413.2047119140625
2022-04-18,92.74090576171875,151.46670532226562,123.53616333007812,71.93186950683594,413.37451171875
2022-04-19,94.03768920898438,154.33871459960938,126.07537841796875,72.81670379638672,420.0475158691406
2022-04-20,94.6279296875,153.96786499023438,126.01828002929688,73.09613037109375,419.736083984375
2022-04-21,93.7514877319336,150.4205780029297,123.87853240966797,72.42549896240234,413.45947265625
2022-04-22,91.18479919433594,145.7321319580078,120.58805084228516,70.65584564208984,402.1144714355469
2022-04-25,91.55146789550781,146.82579040527344,121.58660125732422,70.944580078125,404.44580078125
2022-04-26,89.55714416503906,141.34799194335938,118.50534057617188,69.51954650878906,392.7326965332031
2022-04-27,89.41404724121094,141.29095458984375,118.39120483398438,69.60337829589844,393.8369445800781
2022-04-28,91.03276824951172,145.12350463867188,121.73875427246094,70.77693176269531,403.7851257324219
2022-04-29,88.14412689208984,139.7312469482422,117.43067932128906,68.3925552368164,388.8630065917969
2022-05-02,88.84169006347656,141.59523010253906,118.46727752685547,68.18765258789062,391.2037353515625
2022-05-03,90.00428771972656,142.6888885498047,118.78111267089844,68.4298095703125,392.9969787597656
2022-05-04,92.6783218383789,147.3773651123047,122.5376205444336,69.95730590820312,404.96490478515625
2022-05-05,90.46038055419922,141.0531768798828,117.63041687011719,68.14106750488281,390.5713195800781
2022-05-06,90.12056732177734,139.46498107910156,116.32750701904297,67.75919342041016,388.2400207519531
2022-05-09,87.9473648071289,132.78895568847656,112.89437866210938,66.42730712890625,375.8096618652344
2022-05-10,87.72380065917969,133.58775329589844,113.05603790283203,66.4086685180664,376.677978515625
2022-05-11,86.51644897460938,130.39239501953125,111.11597442626953,65.95228576660156,370.69403076171875
2022-05-12,86.77581024169922,130.54454040527344,111.60100555419922,66.15719604492188,370.3070373535156
2022-05-13,88.5286636352539,135.3851776123047,114.33040618896484,67.22830200195312,379.1602478027344
2022-05-16,88.49288940429688,133.64480590820312,113.94049072265625,67.23761749267578,377.6217956542969
2022-05-17,90.87179565429688,136.83070373535156,116.06122589111328,67.86167907714844,385.3896484375
2022-05-18,87.34817504882812,130.5160369873047,110.7165756225586,65.33757781982422,369.85394287109375
2022-05-19,86.41808319091797,130.6016387939453,109.72749328613281,65.07677459716797,367.5887145996094
2022-05-20,86.38229370117188,130.3258056640625,110.29811096191406,65.50521850585938,367.74920654296875
2022-05-23,87.87582397460938,133.2549285888672,112.10504150390625,66.46456146240234,374.6298522949219
2022-05-24,87.55387115478516,130.94400024414062,111.06842803955078,66.79985046386719,371.77008056640625
2022-05-25,88.77015686035156,132.98861694335938,112.30473327636719,67.00477600097656,375.0545349121094
2022-05-26,90.44253540039062,137.01138305664062,115.16729736328125,67.85235595703125,382.5487060546875
2022-05-27,92.13278198242188,140.69180297851562,118.25806427001953,69.1097183227539,391.93988037109375
2022-05-31,91.5872573852539,138.89437866210938,117.2309799194336,68.42049407958984,389.74072265625
2022-06-01,90.7376480102539,138.5044708251953,115.85199737548828,67.88959503173828,386.5883483886719
2022-06-02,91.64089965820312,139.1416473388672,118.59091186523438,68.69990539550781,393.9503173828125
2022-06-03,90.3799057006836,138.54249572753906,116.75545501708984,68.11312103271484,387.48492431640625
2022-06-06,90.65714263916016,138.67562866210938,117.01225280761719,68.12244415283203,388.6647644042969
2022-06-07,91.5335922241211,140.91049194335938,118.22002410888672,68.65335083007812,392.39288330078125
2022-06-08,89.90592193603516,139.5980987548828,116.90763092041016,67.8057632446289,388.1268005371094
2022-06-09,87.80162048339844,136.53094482421875,114.15167999267578,66.42496490478516,378.89599609375
2022-06-10,85.4334716796875,134.3953094482422,110.69715118408203,65.42530059814453,367.9097595214844
2022-06-13,81.84071350097656,129.76162719726562,106.21199035644531,63.5474739074707,353.9407958984375
2022-06-14,81.9307632446289,129.11331176757812,105.92570495605469,63.17376708984375,352.874267578125
2022-06-15,82.75015258789062,129.21817016601562,107.36668395996094,63.63154602050781,357.9049072265625
2022-06-16,79.6436538696289,125.90975952148438,103.60680389404297,62.34230041503906,346.0597839355469
2022-06-17,79.59862518310547,124.18407440185547,103.6545181274414,62.51980209350586,346.8056945800781
2022-06-21,81.42650604248047,128.34097290039062,105.86843872070312,63.939849853515625,355.5361328125
2022-06-22,81.03933715820312,127.62590026855469,105.68714904785156,64.1827621459961,354.8914794921875
2022-06-23,81.25542449951172,128.0550079345703,107.21399688720703,65.21975708007812,358.37042236328125
2022-06-24,83.80366516113281,130.71505737304688,110.75440979003906,66.71458435058594,369.76434326171875
2022-06-27,83.9477310180664,131.76382446289062,110.27725982666016,66.63982391357422,368.3519287109375
2022-06-28,82.92121887207031,130.81039428710938,107.47164916992188,65.49070739746094,360.82550048828125
2022-06-29,82.19186401367188,130.40040588378906,107.27127075195312,65.76164245605469,360.5316162109375
2022-06-30,81.5075454711914,130.01905822753906,106.62234497070312,65.59347534179688,357.6025390625
2022-07-01,82.038818359375,131.41107177734375,107.18536376953125,66.38758087158203,361.3847961425781
2022-07-05,81.61560821533203,129.4183807373047,107.9106216430664,66.1727066040039,362.06719970703125
2022-07-06,81.49855041503906,129.7902374267578,108.50227355957031,66.59309387207031,363.2900390625
2022-07-07,82.92121887207031,131.0868682861328,110.38225555419922,66.8920669555664,368.73114013671875
2022-07-08,82.85818481445312,131.29664611816406,110.24864196777344,66.77998352050781,368.42779541015625
2022-07-11,82.01178741455078,130.74366760253906,108.96988677978516,66.51837158203125,364.218994140625
2022-07-12,82.04780578613281,129.44699096679688,107.9106216430664,65.91112518310547,360.9960632324219
2022-07-13,81.57957458496094,129.03701782226562,107.44302368164062,65.72428131103516,359.1002502441406
2022-07-14,80.7691879272461,128.49359130859375,107.40484619140625,65.55609893798828,358.2281494140625
2022-07-15,82.71414184570312,130.53390502929688,109.24662780761719,66.4062728881836,365.0721130371094
2022-07-18,82.30894470214844,129.29443359375,108.44503021240234,65.56544494628906,362.0577392578125
2022-07-19,84.63206481933594,131.6112518310547,111.59416961669922,66.80799865722656,371.84027099609375
2022-07-20,84.72211456298828,131.20127868652344,112.73931121826172,66.64917755126953,374.2101135253906
2022-07-21,84.73110961914062,131.29664611816406,113.66494750976562,67.18170166015625,378.0207214355469
2022-07-22,83.9477310180664,131.1250457763672,112.30034637451172,66.9854965209961,374.513427734375
2022-07-25,84.32592010498047,132.77444458007812,112.12857055664062,66.93878173828125,374.9684753417969
2022-07-26,83.7046127319336,132.5170440673828,110.59217071533203,66.81733703613281,370.5321960449219
2022-07-27,85.22635650634766,134.013916015625,113.40730285644531,67.62078857421875,380.1535339355469
2022-07-28,85.96470642089844,135.14849853515625,115.21092224121094,68.57371520996094,384.9216003417969
2022-07-29,86.27985382080078,136.74072265625,116.44194030761719,68.95675659179688,390.53326416015625
2022-08-01,86.40592193603516,135.74917602539062,116.1461181640625,68.7325439453125,389.37677001953125
2022-08-02,85.41545104980469,135.00547790527344,115.16320037841797,68.29344940185547,386.8079528808594
2022-08-03,86.43293762207031,135.301025390625,116.65190124511719,69.05020141601562,392.8651123046875
2022-08-04,85.91968536376953,133.7374267578125,116.92862701416016,69.03150939941406,392.5997009277344
2022-08-05,85.78461456298828,134.20457458496094,116.72821807861328,69.1529541015625,391.9361877441406
2022-08-08,86.00072479248047,134.70993041992188,116.66143798828125,69.34915924072266,391.4811706542969
2022-08-09,85.35240936279297,135.4917449951172,115.53536987304688,69.31178283691406,389.9266357421875
2022-08-10,87.00922393798828,136.62628173828125,118.4364013671875,70.0685043334961,398.1165466308594
2022-08-11,87.77458953857422,136.9027862548828,118.04515075683594,69.7789077758789,398.1165466308594
2022-08-12,89.24231719970703,138.8477783203125,120.03960418701172,70.75985717773438,404.85638427734375
2022-08-15,89.2332992553711,138.88592529296875,120.48810577392578,71.26435852050781,406.5246276855469
2022-08-16,89.47640991210938,139.23867797851562,120.69806671142578,71.59132385253906,407.3208923339844
2022-08-17,88.42290496826172,139.27682495117188,119.66743469238281,71.12422180175781,404.4297790527344
2022-08-18,89.12523651123047,140.22076416015625,120.24000549316406,71.31106567382812,405.6051940917969
2022-08-19,88.31485748291016,140.08721923828125,118.36959075927734,70.87195587158203,400.15460205078125
2022-08-22,86.27985382080078,138.67617797851562,115.98387908935547,69.85365295410156,391.8224182128906
2022-08-23,86.24385070800781,138.93359375,115.62125396728516,69.36782836914062,390.8745422363281
2022-08-24,86.53199768066406,139.5723876953125,115.97434997558594,69.46125030517578,392.1258239746094
2022-08-25,88.08975982666016,140.7927703857422,118.00697326660156,70.03114318847656,397.66162109375
2022-08-26,85.30738830566406,137.76089477539062,113.62679290771484,68.190673828125,384.2011413574219
2022-08-29,84.89320373535156,137.45579528808594,112.52937316894531,67.79829406738281,381.66082763671875
2022-08-30,84.03777313232422,135.301025390625,111.38423156738281,67.20973205566406,377.4709167480469
2022-08-31,83.20037078857422,134.013916015625,110.45857238769531,66.77998352050781,374.5987243652344
2022-09-01,83.32645416259766,134.53829956054688,110.6875991821289,67.4339370727539,375.774169921875
2022-09-02,82.75916290283203,133.8136749267578,109.57107543945312,66.57443237304688,371.81182861328125
2022-09-06,82.06582641601562,133.47998046875,109.46611785888672,66.43428802490234,370.4089660644531
2022-09-07,83.1733627319336,134.74806213378906,111.41284942626953,67.77027130126953,377.0633544921875
2022-09-08,83.78565979003906,135.55845642089844,112.26216888427734,68.05989074707031,379.52789306640625
2022-09-09,85.13632202148438,137.32232666015625,114.21846771240234,68.76056671142578,385.4239501953125
2022-09-12,86.01873016357422,138.45687866210938,114.91508483886719,69.16229248046875,389.56640625
2022-09-13,82.35396575927734,134.1473846435547,109.69513702392578,66.90142822265625,372.6271057128906
2022-09-14,82.21888732910156,135.19619750976562,109.8192138671875,66.90142822265625,374.04901123046875
2022-09-15,81.96675872802734,134.08065795898438,108.27325439453125,66.1259994506836,369.80230712890625
2022-09-16,81.32746887207031,133.2987823486328,107.45256805419922,65.93914794921875,366.9810485839844
2022-09-19,81.86771392822266,133.7755584716797,108.1778335571289,66.2661361694336,369.82696533203125
2022-09-20,80.21092224121094,132.86978149414062,106.65097045898438,65.46269226074219,365.5819396972656
2022-09-21,78.93230438232422,131.03924560546875,104.95234680175781,64.61253356933594,359.20477294921875
2022-09-22,78.20294952392578,131.29664611816406,103.90264129638672,64.39762878417969,356.1874694824219
2022-09-23,76.5371322631836,128.31240844726562,102.38531494140625,63.771697998046875,350.21966552734375
2022-09-26,75.2232894897461,126.77323150634766,101.25367736816406,63.088253021240234,346.7550048828125
2022-09-27,75.13243103027344,126.67718505859375,101.10980987548828,62.70332717895508,345.8699035644531
2022-09-28,76.74976348876953,129.40577697753906,103.51696014404297,63.82990646362305,352.6753234863281
2022-09-29,75.25054931640625,127.56108093261719,101.38793182373047,62.77842330932617,345.308349609375
2022-09-30,74.3783187866211,126.03346252441406,99.68087005615234,62.0555419921875,339.9685974121094
2022-10-03,76.65889739990234,129.50181579589844,102.45244598388672,63.5858039855957,348.9441833496094
2022-10-04,79.44831085205078,132.68199157714844,105.41582489013672,64.93769836425781,359.75677490234375
2022-10-05,79.230224609375,132.85491943359375,105.43499755859375,64.66543579101562,358.91925048828125
2022-10-06,78.35798645019531,131.9710235595703,104.53352355957031,63.6796875,355.2167053222656
2022-10-07,76.49534606933594,129.83810424804688,101.59892272949219,62.280845642089844,345.308349609375
2022-10-10,75.8229751586914,129.13674926757812,101.00431823730469,62.20576095581055,342.6717529296875
2022-10-11,75.73212432861328,129.32887268066406,100.41932678222656,62.16819381713867,340.5015869140625
2022-10-12,75.39594268798828,128.94459533691406,100.02610778808594,61.726959228515625,339.37847900390625
2022-10-13,77.61293029785156,132.47061157226562,102.1263656616211,63.03190612792969,348.3351135253906
2022-10-14,76.27726745605469,129.85731506347656,99.5657730102539,61.89595031738281,340.39697265625
2022-10-17,77.46755981445312,131.66354370117188,102.18390655517578,63.088253021240234,349.1441345214844
2022-10-18,78.4034194946289,133.0470733642578,103.35391998291016,63.811126708984375,353.2464599609375
2022-10-19,77.79463958740234,133.19119262695312,102.5099868774414,63.24782943725586,350.7431945800781
2022-10-20,77.72196197509766,132.61471557617188,101.70440673828125,62.73149108886719,347.80206298828125
2022-10-21,80.06616973876953,135.96780395507812,104.28417205810547,63.85805892944336,356.25421142578125
2022-10-24,81.10196685791016,137.7356414794922,105.55967712402344,64.7123794555664,360.61346435546875
2022-10-25,82.2013931274414,138.60992431640625,107.83256530761719,65.48220825195312,366.3719787597656
2022-10-26,82.78289031982422,139.49383544921875,107.37222290039062,65.54792022705078,363.6116638183594
2022-10-27,82.55572509765625,139.54183959960938,106.44197082519531,65.51974487304688,361.669921875
2022-10-28,84.54557037353516,142.2992401123047,108.96422576904297,67.26594543457031,370.2744140625
2022-10-31,84.11852264404297,141.8477325439453,107.94763946533203,66.8341064453125,367.5997619628906
2022-11-01,84.54557037353516,141.60752868652344,107.90928649902344,66.75899505615234,365.9911804199219
2022-11-02,82.8010482788086,139.20559692382812,104.89796447753906,65.41648864746094,356.80615234375
2022-11-03,81.9106216430664,139.30169677734375,103.93891906738281,64.98463439941406,353.1322021484375
2022-11-04,83.4461669921875,140.07025146484375,105.6268081665039,65.51036071777344,358.21490478515625
2022-11-07,84.24573516845703,141.540283203125,106.84477233886719,66.00792694091797,361.6414489746094
2022-11-08,84.59099578857422,142.45298767089844,107.47772216796875,66.51490020751953,363.5926208496094
2022-11-09,82.88282775878906,139.20559692382812,105.25279998779297,65.7356948852539,356.10186767578125
2022-11-10,86.58084106445312,142.88531494140625,112.04268646240234,68.0545654296875,375.6711730957031
2022-11-11,87.4349136352539,142.2800750732422,113.64421844482422,67.67900848388672,379.30706787109375
2022-11-14,86.85343170166016,142.22239685058594,112.71399688720703,67.50064849853516,376.0803527832031
2022-11-15,87.37133026123047,142.7604217529297,113.97991180419922,67.8667984008789,379.2880554199219
2022-11-16,85.8448715209961,142.08790588378906,112.36874389648438,67.8479995727539,376.3945617675781
2022-11-17,86.01751708984375,142.65476989746094,112.16736602783203,67.80107879638672,375.2428283691406
2022-11-18,86.66260528564453,143.58670043945312,112.58932495117188,68.45824432373047,376.9466247558594
2022-11-21,86.37186431884766,143.59628295898438,111.9755630493164,68.7304916381836,375.5758972167969
2022-11-22,87.7892837524414,145.6715545654297,113.80725860595703,69.3501205444336,380.6301574707031
2022-11-23,87.99826049804688,145.59469604492188,114.53614044189453,69.60359954833984,383.0287170410156
2022-11-25,88.20724487304688,145.786865234375,114.32514953613281,69.80075073242188,382.9430236816406
2022-11-28,86.62626647949219,144.06704711914062,112.77153778076172,69.04031372070312,376.83233642578125
2022-11-29,87.08057403564453,144.211181640625,112.70437622070312,68.97460174560547,376.1851806640625
2022-11-30,88.94319915771484,146.7667999267578,116.2719497680664,70.65505981445312,388.0351257324219
2022-12-01,88.6524658203125,146.0462188720703,116.24319458007812,70.74894714355469,387.7496643066406
2022-12-02,88.37987518310547,146.67076110839844,116.2048110961914,70.88037872314453,387.30230712890625
2022-12-05,86.81710052490234,144.4321746826172,114.29637145996094,69.8758544921875,380.33502197265625
2022-12-06,85.77217864990234,142.74119567871094,112.4358901977539,69.32196044921875,374.85260009765625
2022-12-07,85.85396575927734,143.17355346679688,112.2920150756836,69.39705657958984,374.21490478515625
2022-12-08,86.3264389038086,143.36572265625,113.24146270751953,69.84769439697266,377.146484375
2022-12-09,85.7812728881836,140.90615844726562,112.18653106689453,69.19991302490234,374.3290710449219
2022-12-12,86.98063659667969,142.8565216064453,114.0566177368164,70.21383666992188,379.725830078125
2022-12-13,87.44573974609375,142.51058959960938,115.04938507080078,70.24871826171875,382.6003723144531
2022-12-14,86.98796844482422,142.27870178222656,114.58720397949219,69.98464965820312,380.1541748046875
2022-12-15,84.90961456298828,140.3848419189453,111.62141418457031,68.61700439453125,370.85498046875
2022-12-16,83.78347778320312,139.40896606445312,110.32145690917969,67.93791961669922,366.47662353515625
2022-12-19,82.96862030029297,139.16741943359375,109.1370849609375,67.55120849609375,363.3689880371094
2022-12-20,82.94114685058594,139.70848083496094,109.31040954589844,67.58895111083984,363.8662414550781
2022-12-21,84.03982543945312,141.7086181640625,111.26512145996094,68.40007781982422,369.30694580078125
2022-12-22,83.03271484375,140.1529541015625,109.55113983154297,67.90019226074219,364.038330078125
2022-12-23,83.5179672241211,141.67962646484375,110.1962890625,68.25860595703125,366.13238525390625
2022-12-27,83.5088119506836,141.93084716796875,109.84963989257812,68.38121795654297,364.6885681152344
2022-12-28,82.23617553710938,140.25924682617188,108.38599395751953,67.66437530517578,360.15625
2022-12-29,83.5271224975586,141.02255249023438,110.2829360961914,68.38121795654297,366.63916015625
2022-12-30,83.44470977783203,141.0032501220703,109.73410034179688,68.00394439697266,365.6733703613281
2023-01-03,83.45386505126953,138.751953125,109.42594909667969,68.0699462890625,364.13397216796875
2023-01-04,84.76312255859375,138.62628173828125,110.31185150146484,68.44723510742188,366.94512939453125
2023-01-05,84.33280944824219,138.5296630859375,109.0311508178711,67.8153076171875,362.7570495605469
2023-01-06,86.4752426147461,140.84869384765625,111.83325958251953,69.28666687011719,371.07586669921875
2023-01-09,86.2554931640625,138.96450805664062,111.74658966064453,68.78678131103516,370.86541748046875
2023-01-10,86.86892700195312,139.67950439453125,112.5554428100586,68.98486328125,373.4663391113281
2023-01-11,87.57391357421875,140.31723022460938,114.17313385009766,69.58848571777344,378.18988037109375
2023-01-12,87.94928741455078,140.7037353515625,114.71235656738281,69.39986419677734,379.56683349609375
2023-01-13,87.84857177734375,141.04190063476562,114.96272277832031,69.48473358154297,381.03924560546875
2023-01-17,87.33587646484375,140.58779907226562,114.72199249267578,69.16405487060547,380.34130859375
2023-01-18,85.85264587402344,138.21080017089844,113.12357330322266,67.94734954833984,374.33642578125
2023-01-19,85.2117691040039,138.05624389648438,112.15100860595703,67.53234100341797,371.611328125
2023-01-20,86.53932189941406,138.8582305908203,114.40422058105469,68.24916076660156,378.5340881347656
2023-01-23,87.85774230957031,139.14810180664062,115.9256362915039,68.57928466796875,383.0759582519531
2023-01-24,87.60138702392578,139.58290100097656,115.8486099243164,68.56985473632812,382.66473388671875
2023-01-25,88.34298706054688,140.00804138183594,115.71380615234375,68.67359161376953,382.8082275390625
2023-01-26,89.00218963623047,141.33177185058594,116.95597839355469,68.77735137939453,387.01544189453125
2023-01-27,88.92894744873047,139.66983032226562,117.2352066040039,68.56985473632812,387.9046630859375
2023-01-30,87.92183685302734,138.5296630859375,115.65604400634766,68.23973083496094,383.0377502441406
2023-01-31,89.43252563476562,140.2302703857422,117.58186340332031,69.04143524169922,388.6696472167969
2023-02-01,90.06426239013672,139.14810180664062,118.99735260009766,69.46588897705078,392.80035400390625
2023-02-02,91.1354751586914,136.49087524414062,121.52020263671875,69.37155151367188,398.5183410644531
2023-02-03,90.03678131103516,136.36532592773438,120.12397003173828,68.83393859863281,394.2824401855469
2023-02-06,88.97473907470703,136.56825256347656,119.06475830078125,68.69246673583984,391.872802734375
2023-02-07,89.78956604003906,138.1625213623047,120.51878356933594,69.01315307617188,396.9980163574219
2023-02-08,88.88317108154297,137.447509765625,118.84327697753906,68.3434829711914,392.6569519042969
2023-02-09,88.4162368774414,137.16732788085938,117.64928436279297,67.9284896850586,389.2529296875
2023-02-10,89.14868927001953,139.83409118652344,117.83223724365234,68.56041717529297,390.1612854003906
2023-02-13,90.03678131103516,140.53944396972656,119.54621124267578,69.1357650756836,394.7413635253906
2023-02-14,89.91776275634766,140.07565307617188,119.38253021240234,68.5887222290039,394.5596923828125
2023-02-15,90.13751220703125,139.2060546875,119.44029998779297,68.75849151611328,395.8410339355469
2023-02-16,89.46914672851562,137.8919677734375,117.79370880126953,68.36234283447266,390.3907470703125
2023-02-17,89.11207580566406,137.58277893066406,117.32186889648438,68.70188903808594,389.41552734375
2023-02-21,86.99711608886719,136.51023864746094,114.79904174804688,67.8247299194336,381.603515625
2023-02-22,86.79569244384766,136.05612182617188,114.53904724121094,67.570068359375,381.07757568359375
2023-02-23,87.09780883789062,136.6261749267578,115.65604400634766,67.58895111083984,383.1046142578125
2023-02-24,86.3470687866211,135.87252807617188,114.30794525146484,67.05130767822266,379.0121765136719
2023-02-27,86.30126953125,135.97879028320312,114.49090576171875,67.0701675415039,380.30303955078125
2023-02-28,85.81604766845703,134.56808471679688,114.3464584350586,66.62688446044922,378.89739990234375
2023-03-01,85.9167251586914,135.2831268310547,114.00943756103516,66.27790069580078,377.4440002441406
2023-03-02,86.44776153564453,135.87252807617188,115.1167984008789,66.85324096679688,380.3795471191406
2023-03-03,87.53730010986328,137.2156219482422,116.90782165527344,67.45687866210938,386.47998046875
2023-03-06,87.07035064697266,137.38955688476562,117.02337646484375,67.48519134521484,386.7476806640625
2023-03-07,85.60545349121094,135.52467346191406,115.38640594482422,66.66460418701172,380.8193664550781
2023-03-08,85.88926696777344,134.72268676757812,115.78120422363281,66.68346405029297,381.4408264160156
2023-03-09,84.05814361572266,132.79989624023438,113.87464141845703,65.9289321899414,374.4033508300781
2023-03-10,82.82212829589844,131.49545288085938,111.99694061279297,65.19324493408203,369.0009460449219
2023-03-13,81.46709442138672,130.64517211914062,111.95842742919922,65.41960144042969,368.4749755859375
2023-03-14,82.57494354248047,131.83363342285156,113.95167541503906,66.03266143798828,374.56591796875
2023-03-15,81.24735260009766,129.58230590820312,113.40280151367188,65.9383544921875,372.2232971191406
2023-03-16,82.63903045654297,130.8094482421875,115.39604187011719,66.58914947509766,378.75396728515625
2023-03-17,81.27482604980469,128.67405700683594,114.56793212890625,65.99494171142578,374.32537841796875
2023-03-20,82.22702026367188,130.92539978027344,115.55973815917969,66.7589340209961,377.92474365234375
2023-03-21,83.25244140625,132.62596130371094,116.84041595458984,66.85324096679688,382.8870544433594
2023-03-22,81.51286315917969,130.46157836914062,114.90494537353516,65.9383544921875,376.3601989746094
2023-03-23,81.34381866455078,129.6003875732422,115.6824722290039,66.02363586425781,377.3775939941406
2023-03-24,81.82416534423828,130.98065185546875,116.17508697509766,66.95220184326172,379.85400390625
2023-03-27,82.42459869384766,132.2443084716797,116.13642883300781,67.15119171142578,380.564208984375
2023-03-28,82.433837890625,132.72059631347656,115.81769561767578,67.20804595947266,379.71002197265625
2023-03-29,84.02266693115234,133.81898498535156,117.38241577148438,67.85236358642578,385.2290344238281
2023-03-30,84.47527313232422,134.0814208984375,118.07783508300781,68.16504669189453,387.4847106933594
2023-03-31,85.52833557128906,135.150634765625,119.83573150634766,68.9230728149414,392.94610595703125
2023-04-03,86.03636169433594,137.8625946044922,120.37660217285156,69.19784545898438,394.4435119628906
2023-04-04,85.0572280883789,136.65728759765625,119.28517150878906,69.01780700683594,392.2550048828125
2023-04-05,85.00180053710938,138.29029846191406,119.15962219238281,69.43472290039062,391.22802734375
2023-04-06,84.95561981201172,138.09588623046875,119.43972778320312,69.67160034179688,392.7541809082031
2023-04-10,85.84239196777344,138.68882751464844,119.86470794677734,69.60527801513672,393.1572265625
2023-04-11,86.32274627685547,139.1748504638672,120.08686828613281,69.77584838867188,393.2628479003906
2023-04-12,85.72232818603516,139.4081268310547,119.47836303710938,69.80426025390625,391.6599426269531
2023-04-13,86.0640869140625,140.42877197265625,120.87887573242188,70.2401123046875,396.86224365234375
2023-04-14,85.97173309326172,139.65113830566406,120.73399353027344,69.78531646728516,395.8927917480469
2023-04-17,86.41510772705078,139.47616577148438,120.89818572998047,70.10745239257812,397.3133239746094
2023-04-18,86.44281768798828,139.6414337158203,121.09136199951172,69.97481536865234,397.5725402832031
2023-04-19,85.68536376953125,138.93185424804688,120.79193878173828,69.80426025390625,397.5053405761719
2023-04-20,84.77085876464844,138.5333251953125,120.78229522705078,69.72845458984375,395.336181640625
2023-04-21,84.63232421875,138.42637634277344,120.5987777709961,69.91796875,395.64324951171875
2023-04-24,84.66002655029297,139.33035278320312,120.78229522705078,70.0411376953125,396.0559387207031
2023-04-25,83.34833526611328,138.21255493164062,118.71531677246094,69.48210144042969,389.7690734863281
2023-04-26,82.46153259277344,136.0837860107422,117.81705474853516,68.6198501586914,388.1181335449219
2023-04-27,83.45917510986328,137.43492126464844,120.5987777709961,69.52947235107422,395.84478759765625
2023-04-28,84.59536743164062,138.3874969482422,121.88339233398438,69.94639587402344,399.2234191894531
2023-05-01,84.40139770507812,138.6693878173828,122.12486267089844,70.16432189941406,398.8203430175781
2023-05-02,83.00653076171875,136.31707763671875,120.4442367553711,69.56737518310547,394.3378601074219
2023-05-03,82.45230865478516,135.37420654296875,119.66187286376953,69.31156921386719,391.63116455078125
2023-05-04,81.39002227783203,134.26611328125,118.29999542236328,68.93253326416016,388.8572692871094
2023-05-05,83.00653076171875,136.59896850585938,120.28971099853516,69.72845458984375,396.0559387207031
2023-05-08,82.86798095703125,136.56008911132812,120.29935455322266,69.58634948730469,396.1615295410156
2023-05-09,82.47076416015625,136.46290588378906,119.81641387939453,69.41577911376953,394.4242248535156
2023-05-10,82.08280181884766,136.37539672851562,120.39592742919922,69.72845458984375,396.2671203613281
2023-05-11,81.60247039794922,135.81163024902344,120.2703628540039,69.5389404296875,395.5760803222656
2023-05-12,81.43619537353516,136.0837860107422,120.37660217285156,69.60527801513672,395.0577392578125
2023-05-15,82.30450439453125,136.33653259277344,120.89818572998047,69.57685852050781,396.4206848144531
2023-05-16,81.0297622680664,134.33416748046875,119.90333557128906,68.80935668945312,393.77154541015625
2023-05-17,82.31373596191406,135.5589141845703,121.41011047363281,69.05571746826172,398.5516052246094
2023-05-18,82.94188690185547,135.46170043945312,122.69471740722656,69.19784545898438,402.39093017578125
2023-05-19,82.85874938964844,136.01573181152344,122.3952865600586,69.2926025390625,401.8053283691406
2023-05-22,83.01577758789062,135.4519805908203,122.5498275756836,69.13152313232422,401.96856689453125
2023-05-23,82.57239532470703,134.7909698486328,121.07205963134766,68.47770690917969,397.45733642578125
2023-05-24,81.49160766601562,134.3924560546875,120.21240997314453,67.94710540771484,394.5777893066406
2023-05-25,81.14984893798828,133.0511016845703,122.21178436279297,67.71023559570312,397.99481201171875
2023-05-26,82.31373596191406,132.8760986328125,123.90206146240234,68.00395965576172,403.14910888671875
2023-05-30,82.24908447265625,132.52615356445312,123.92137908935547,67.74813079833984,403.3027038574219
2023-05-31,81.49160766601562,131.7096710205078,122.7623291015625,67.69129180908203,401.0662841796875
2023-06-01,82.06434631347656,133.02194213867188,123.85374450683594,67.91868591308594,404.8768615722656
2023-06-02,83.5238265991211,134.51882934570312,125.6406021118164,68.6956558227539,410.7317810058594
2023-06-05,83.00653076171875,134.25634765625,125.03213500976562,68.55352020263672,409.9447937011719
2023-06-06,84.06883239746094,133.9647674560547,125.32188415527344,68.29769897460938,410.8374328613281
2023-06-07,85.36549377441406,133.1060333251953,124.58080291748047,68.38330078125,409.4168395996094
2023-06-08,85.37478637695312,134.3258514404297,125.11360168457031,68.7733154296875,411.89324951171875
2023-06-09,85.23536682128906,134.6478729248047,125.28797912597656,68.75426483154297,412.6322937011719
2023-06-12,85.99755096435547,136.3166046142578,126.7314224243164,69.11573028564453,416.3756408691406
2023-06-13,87.00141143798828,137.23388671875,127.52581024169922,69.35355377197266,419.1207275390625
2023-06-14,86.49948120117188,138.3561248779297,128.1263885498047,69.35355377197266,419.619873046875
2023-06-15,87.4661636352539,139.8394012451172,129.6376495361328,70.31427001953125,424.8221130371094
2023-06-16,87.49406433105469,139.09776306152344,129.32765197753906,70.29524993896484,423.3751220703125
2023-06-20,86.36934661865234,138.49273681640625,128.756103515625,69.76256561279297,421.1786193847656
2023-06-21,85.70940399169922,138.1316375732422,128.38796997070312,69.74356079101562,419.02056884765625
2023-06-22,85.43984985351562,138.52200317382812,128.73672485351562,69.80060577392578,420.5331726074219
2023-06-23,84.73343658447266,137.4583740234375,127.9229736328125,69.25841522216797,417.35394287109375
2023-06-26,85.12381744384766,136.6385955810547,127.23514556884766,69.42012786865234,415.648681640625
2023-06-27,86.24851989746094,138.68788146972656,128.9595184326172,69.86721801757812,420.20562744140625
2023-06-28,86.19276428222656,138.4731903076172,128.65919494628906,69.50575256347656,420.41754150390625
2023-06-29,86.6296157836914,139.00991821289062,129.23077392578125,69.98135375976562,422.07452392578125
2023-06-30,87.17803955078125,140.7664794921875,130.6548309326172,70.70427703857422,427.0552673339844
2023-07-03,87.81938171386719,140.27854919433594,130.48043823242188,70.62818145751953,427.5466613769531
2023-07-05,87.2895736694336,139.90769958496094,130.3642120361328,70.51403045654297,426.91082763671875
2023-07-06,86.3786392211914,138.4829559326172,129.3373260498047,70.14305877685547,423.56781005859375
2023-07-07,86.5645523071289,137.94622802734375,128.73672485351562,69.73405456542969,422.4984436035156
2023-07-10,87.21520233154297,139.4588165283203,129.56982421875,70.0289077758789,423.56781005859375
2023-07-11,88.33988952636719,139.82960510253906,130.44171142578125,70.52355194091797,426.265380859375
2023-07-12,88.44215393066406,141.41050720214844,131.64295959472656,70.65672302246094,429.6949768066406
2023-07-13,88.92547607421875,142.1033935546875,132.89263916015625,70.74232482910156,433.1054992675781
2023-07-14,87.86585235595703,141.9765167236328,132.96041870117188,70.70427703857422,432.8357238769531
2023-07-17,87.82868194580078,142.83523559570312,133.7063751220703,70.75184631347656,434.3385925292969
2023-07-18,88.6187515258789,143.84039306640625,134.44264221191406,70.93257904052734,437.5660095214844
2023-07-19,89.4552993774414,143.42076110839844,134.47169494628906,71.2655029296875,438.5390319824219
2023-07-20,89.31585693359375,142.15213012695312,133.49327087402344,71.70306396484375,435.6296081542969
2023-07-21,89.4552993774414,141.8496551513672,133.6094970703125,72.11209869384766,435.6296081542969
2023-07-24,89.86427307128906,141.7423095703125,134.200439453125,72.21673583984375,437.5756530761719
2023-07-25,89.7899169921875,142.79620361328125,135.0335693359375,72.34989166259766,438.7702941894531
2023-07-26,90.08736419677734,141.9667205810547,134.98509216308594,72.14061737060547,438.83770751953125
2023-07-27,89.82709503173828,141.6154327392578,134.38449096679688,71.58892059326172,435.92822265625
2023-07-28,90.17101287841797,142.9425811767578,135.55667114257812,71.74110412597656,440.19610595703125
2023-07-31,90.4312744140625,143.2061004638672,135.595458984375,71.68404388427734,441.0342712402344
2023-08-01,90.19890594482422,143.22560119628906,135.595458984375,71.5223388671875,439.772216796875
2023-08-02,89.24150848388672,140.8542938232422,133.4835968017578,71.33207702636719,433.6546325683594
2023-08-03,88.92547607421875,140.8152313232422,133.23170471191406,71.06574249267578,432.411865234375
2023-08-04,88.95335388183594,140.70790100097656,132.48577880859375,70.67574310302734,430.4560546875
2023-08-07,89.77134704589844,142.60104370117188,133.9679412841797,71.30355834960938,434.21337890625
2023-08-08,89.4831771850586,142.3180694580078,133.4351348876953,71.1228256225586,432.3251647949219
2023-08-09,88.95335388183594,141.0396728515625,132.60202026367188,71.22744750976562,429.4349060058594
2023-08-10,88.55368041992188,141.11778259277344,132.447021484375,71.18940734863281,429.5890808105469
2023-08-11,88.53508758544922,140.52247619628906,131.92391967773438,71.46525573730469,429.3385925292969
2023-08-14,88.69310760498047,142.230224609375,133.3479461669922,71.5413589477539,431.70855712890625
2023-08-15,87.3546371459961,141.40078735351562,132.1660614013672,70.93257904052734,426.6795654296875
2023-08-16,86.39724731445312,140.0052947998047,131.3717041015625,70.72329711914062,423.5486145019531
2023-08-17,85.80235290527344,138.1707000732422,130.509521484375,70.25721740722656,420.3211669921875
2023-08-18,86.21134185791016,138.54153442382812,130.6451416015625,70.41890716552734,420.52349853515625
2023-08-21,86.40652465820312,140.0540771484375,131.9044952392578,70.4284439086914,423.259521484375
2023-08-22,85.94178771972656,139.4588165283203,131.32327270507812,70.2762222290039,422.113037109375
2023-08-23,86.54596710205078,141.21536254882812,132.71829223632812,70.74232482910156,426.8144836425781
2023-08-24,85.60717010498047,138.90257263183594,130.9260711669922,70.22867584228516,420.8992614746094
2023-08-25,85.84883880615234,139.70278930664062,131.71075439453125,70.70427703857422,423.8664855957031
2023-08-28,86.5924301147461,140.903076171875,132.5826416015625,70.9801254272461,426.55438232421875
2023-08-29,87.6613540649414,143.2353515625,134.57823181152344,71.5413589477539,432.7200927734375
2023-08-30,87.73571014404297,143.6842803955078,134.97543334960938,71.63648223876953,434.5024719238281
2023-08-31,87.80079650878906,143.64523315429688,135.0045166015625,71.22744750976562,433.8665771484375
2023-09-01,88.4514389038086,143.7037353515625,135.3145294189453,71.37013244628906,434.6758728027344
2023-09-05,87.51263427734375,142.98162841796875,134.54920959472656,70.8659896850586,432.79718017578125
2023-09-06,87.2895736694336,142.58152770996094,133.65792846679688,70.62818145751953,429.8876953125
2023-09-07,86.95494842529297,142.15213012695312,133.14450073242188,70.87549591064453,428.56787109375
2023-09-08,87.31745910644531,142.3571014404297,133.1348114013672,71.08477020263672,429.2132873535156
2023-09-11,87.37321472167969,143.17681884765625,133.58042907714844,71.35111999511719,432.0361328125
2023-09-12,87.49406433105469,141.83990478515625,132.7570037841797,71.05623626708984,429.6661376953125
2023-09-13,87.26168823242188,141.93748474121094,132.98948669433594,71.20843505859375,430.1671447753906
2023-09-14,88.19116973876953,143.09872436523438,133.8516845703125,71.74110412597656,433.8761901855469
2023-09-15,87.45687866210938,140.51272583007812,131.81732177734375,71.18940734863281,428.64874267578125
2023-09-18,87.32674407958984,140.80551147460938,132.1854705810547,71.28453826904297,428.9000549316406
2023-09-19,87.22449493408203,140.62982177734375,132.02076721191406,71.35111999511719,428.01068115234375
2023-09-20,86.62032318115234,139.20509338378906,130.75172424316406,71.38916778564453,424.07574462890625
2023-09-21,85.48633575439453,136.72640991210938,128.27166748046875,70.51403045654297,417.0664978027344
2023-09-22,85.14239501953125,137.0192108154297,128.44610595703125,70.47598266601562,416.1286926269531
2023-09-25,85.44914245605469,137.4778289794922,128.87232971191406,70.56159210205078,417.8785705566406
2023-09-26,84.27861022949219,135.97947692871094,127.1705093383789,69.71727752685547,411.73944091796875
2023-09-27,84.50335693359375,136.24371337890625,127.47196960449219,69.4877700805664,411.9037780761719
2023-09-28,85.02775573730469,137.34963989257812,128.38612365722656,69.59297180175781,414.29180908203125
2023-09-29,84.9528579711914,136.7232666015625,128.1624298095703,69.21046447753906,413.2862548828125
2023-10-02,84.17560577392578,136.78199768066406,128.4736328125,68.76104736328125,413.1219177246094
2023-10-03,83.24854278564453,134.61911010742188,126.85929107666016,68.33075714111328,407.5919189453125
2023-10-04,83.24854278564453,135.7152099609375,127.85125732421875,68.76104736328125,410.5599365234375
2023-10-05,83.17362213134766,135.49989318847656,127.9095687866211,68.627197265625,410.4053039550781
2023-10-06,83.73548126220703,137.51597595214844,129.71839904785156,69.07661437988281,415.2779235839844
2023-10-09,84.40971374511719,138.32835388183594,130.72003173828125,69.6407699584961,417.93658447265625
2023-10-10,84.97156524658203,139.18954467773438,131.23545837402344,69.92764282226562,420.11187744140625
2023-10-11,85.28057861328125,139.6593475341797,132.16903686523438,70.05194091796875,421.8327941894531
2023-10-12,84.26924133300781,138.72958374023438,131.7703094482422,69.5547103881836,419.2611083984375
2023-10-13,83.84784698486328,137.8096160888672,131.05067443847656,69.74594116210938,417.1728210449219
2023-10-16,84.82173919677734,139.43426513671875,132.49966430664062,70.38661193847656,421.5620422363281
2023-10-17,85.12139892578125,139.28744506835938,132.28573608398438,70.37705993652344,421.5426940917969
2023-10-18,83.98832702636719,137.5258026123047,130.59361267089844,69.85115051269531,415.9256591796875
2023-10-19,83.22045135498047,136.6156005859375,129.2710418701172,69.10528564453125,412.2711486816406
2023-10-20,82.43385314941406,135.13778686523438,127.85125732421875,68.56980895996094,407.20513916015625
2023-10-23,81.58170318603516,135.54885864257812,127.78317260742188,68.18732452392578,406.49945068359375
2023-10-24,82.302734375,136.87986755371094,128.71676635742188,68.70368194580078,409.5641174316406
2023-10-25,81.42250061035156,134.8050537109375,126.68426513671875,68.55069732666016,403.6860046386719
2023-10-26,81.15095520019531,132.6127471923828,124.59343719482422,68.29251861572266,398.8520812988281
2023-10-27,80.48606872558594,132.49533081054688,124.14610290527344,67.47016906738281,397.0441589355469
2023-10-30,81.04793548583984,133.9340057373047,125.70207214355469,68.12039947509766,401.7911071777344
2023-10-31,81.89070892333984,134.5016326904297,126.26611328125,68.6080551147461,404.314453125
2023-11-01,82.61175537109375,136.5862274169922,127.5692138671875,69.0383529663086,408.6263732910156
2023-11-02,84.18497467041016,139.10150146484375,130.156005859375,69.9754409790039,416.4574279785156
2023-11-03,85.62709045410156,140.68698120117188,131.2743682861328,70.49179077148438,420.2569274902344
2023-11-06,85.1775894165039,141.42095947265625,131.73141479492188,70.6065444946289,421.22369384765625
2023-11-07,85.03711700439453,141.6265106201172,132.31488037109375,70.5587387084961,422.4225158691406
2023-11-08,84.25051879882812,142.22354125976562,132.7233123779297,70.63523864746094,422.7319030761719
2023-11-09,83.39836883544922,141.40138244628906,131.8675537109375,70.08062744140625,419.4351501464844
2023-11-10,84.61572265625,143.8775177001953,134.00701904296875,70.68304443359375,425.9803466796875
2023-11-13,84.28797149658203,144.30813598632812,133.78334045410156,70.7021713256836,425.5743103027344
2023-11-14,86.54476928710938,146.6765594482422,136.15615844726562,71.50537872314453,433.8307189941406
2023-11-15,87.19091033935547,145.8642578125,136.02976989746094,71.447998046875,434.7491760253906
2023-11-16,86.59159851074219,146.45147705078125,135.95196533203125,71.447998046875,435.2809753417969
2023-11-17,87.19091033935547,146.7842254638672,136.02976989746094,71.47669219970703,435.8223571777344
2023-11-20,87.59358215332031,148.26206970214844,137.1383819580078,71.72530364990234,439.1770935058594
2023-11-21,86.9287109375,147.77268981933594,136.885498046875,71.94523620605469,438.219970703125
2023-11-22,87.34073638916016,148.00759887695312,137.28424072265625,72.44246673583984,439.9118347167969
2023-11-24,87.70594024658203,148.08587646484375,137.28424072265625,72.63372039794922,440.1825866699219
2023-11-27,87.4156494140625,147.6650390625,136.87579345703125,72.43289184570312,439.38983154296875
2023-11-28,87.29390716552734,147.16590881347656,136.778564453125,72.35640716552734,439.8248291015625
2023-11-29,88.01496124267578,147.03866577148438,136.71047973632812,72.27989959716797,439.5154724121094
2023-11-30,88.63300323486328,146.91148376464844,137.18699645996094,73.00662994384766,441.24603271484375
2023-12-01,89.59752655029297,147.30294799804688,138.0038604736328,73.513427734375,443.85650634765625
2023-12-04,89.41023254394531,145.6685028076172,137.30369567871094,73.47517395019531,441.5264587402344
2023-12-05,89.04502868652344,145.64894104003906,137.23561096191406,73.22655487060547,441.439453125
2023-12-06,88.85774230957031,144.26895141601562,136.8369140625,73.15006256103516,439.6604919433594
2023-12-07,89.66307067871094,146.35357666015625,137.87745666503906,73.20742797851562,443.0152893066406
2023-12-08,90.29048919677734,147.5867462158203,138.5873260498047,73.17874145507812,444.9198913574219
2023-12-11,91.26437377929688,149.14288330078125,139.7835235595703,73.92459869384766,446.65045166015625
2023-12-12,90.95533752441406,150.47390747070312,140.87266540527344,74.24014282226562,448.6903991699219
2023-12-13,92.3693618774414,151.44277954101562,142.49668884277344,75.18678283691406,454.8779296875
2023-12-14,94.50440979003906,150.53262329101562,142.39947509765625,74.4313735961914,456.3377990722656
2023-12-15,93.95193481445312,151.2176971435547,142.27305603027344,73.9819564819336,455.5863342285156
2023-12-18,93.79273223876953,152.89129638671875,143.2649688720703,74.42180633544922,458.14910888671875
2023-12-19,94.72915649414062,153.7818603515625,143.91651916503906,74.56525421142578,460.93505859375
2023-12-20,93.08536529541016,151.24026489257812,142.04269409179688,73.54605865478516,454.5477600097656
2023-12-21,94.17871856689453,153.2511749267578,143.301025390625,74.09410858154297,458.8577575683594
2023-12-22,94.64998626708984,153.38851928710938,143.09620666503906,74.44024658203125,459.7799377441406
2023-12-26,95.59251403808594,154.24191284179688,143.73995971679688,74.62294006347656,461.72137451171875
2023-12-27,95.65849304199219,154.62449645996094,144.0130615234375,74.75756072998047,462.55621337890625
2023-12-28,95.71505737304688,154.53619384765625,143.9711151123047,74.8825454711914,462.73089599609375
2023-12-29,95.34746551513672,153.8986053466797,143.61973571777344,75.0267562866211,461.3913269042969
2024-01-02,95.47942352294922,151.08334350585938,142.57534790039062,75.31525421142578,458.8092041015625
2024-01-03,94.5274658203125,149.79830932617188,141.65782165527344,75.14215850830078,455.06219482421875
2024-01-04,94.02791595458984,149.41574096679688,141.1599884033203,74.99793243408203,453.5964660644531
2024-01-05,94.55572509765625,149.72962951660156,141.28689575195312,74.86331939697266,454.21771240234375
2024-01-08,95.5171127319336,153.27081298828125,143.375732421875,75.44021606445312,460.7021484375
2024-01-09,94.77251434326172,153.79067993164062,143.26834106445312,75.29600524902344,460.00323486328125
2024-01-10,94.5651626586914,155.29151916503906,144.1272735595703,75.48829650878906,462.604736328125
2024-01-11,94.08446502685547,156.18418884277344,144.47866821289062,75.411376953125,462.40087890625
2024-01-12,93.82997131347656,156.49803161621094,144.830078125,75.7767562866211,462.72119140625
2024-01-16,93.33042907714844,156.8904266357422,144.20538330078125,75.55561065673828,461.0224609375
2024-01-17,92.52925872802734,155.99778747558594,143.62948608398438,75.39215087890625,458.4597473144531
2024-01-18,92.70834350585938,158.0381317138672,145.0936279296875,75.76713562011719,462.5367736816406
2024-01-19,93.96192932128906,161.44198608398438,147.20191955566406,76.32481384277344,468.3028259277344
2024-01-22,94.32009887695312,161.8736114501953,147.71925354003906,76.45942687988281,469.29296875
2024-01-23,94.67825317382812,162.0109100341797,147.38739013671875,76.78634643554688,470.66168212890625
2024-01-24,94.38607025146484,163.6098175048828,147.6509552001953,76.4498291015625,471.1761474609375
2024-01-25,95.65849304199219,164.71829223632812,148.08041381835938,76.84404754638672,473.7388000488281
2024-01-26,94.70654296875,163.96295166015625,147.72900390625,76.9017333984375,473.1369934082031
2024-01-29,95.03641510009766,165.83653259277344,149.0759735107422,77.12287902832031,476.8839416503906
2024-01-30,95.54539489746094,165.47360229492188,149.0759735107422,77.38249206542969,476.51507568359375
2024-01-31,94.53688049316406,162.49154663085938,146.8993377685547,76.65172576904297,468.73968505859375
2024-02-01,95.35688781738281,165.2676239013672,148.65628051757812,77.52670288085938,474.8746032714844
2024-02-02,94.94216918945312,169.59352111816406,150.60841369628906,77.25747680664062,479.8738098144531
2024-02-05,94.11273193359375,170.0153350830078,150.52059936523438,76.79595184326172,478.12646484375
2024-02-06,94.53688049316406,169.26980590820312,150.7841339111328,76.94979095458984,479.51458740234375
2024-02-07,94.70654296875,172.0066375732422,152.55079650878906,77.28632354736328,483.5139465332031
2024-02-08,94.74422454833984,172.75213623046875,152.9119873046875,77.17095184326172,483.7275390625
2024-02-09,95.09297180175781,175.05734252929688,153.86851501464844,77.25747680664062,486.523193359375
2024-02-12,96.13919830322266,174.02734375,153.85874938964844,77.19979858398438,486.30963134765625
2024-02-13,94.32952880859375,171.95758056640625,151.94566345214844,76.62288665771484,479.6116943359375
2024-02-14,95.1966552734375,175.400634765625,153.48785400390625,77.00748443603516,483.9702453613281
2024-02-15,96.2240219116211,175.73416137695312,154.37608337402344,77.54594421386719,487.3094482421875
2024-02-16,95.75274658203125,173.9979248046875,153.2047882080078,77.36325073242188,484.8826904296875
2024-02-20,95.5831069946289,171.81040954589844,152.06277465820312,77.32478332519531,482.21319580078125
2024-02-21,95.78104400634766,170.26055908203125,152.30679321289062,77.56517028808594,482.6500244140625
2024-02-22,96.26172637939453,176.95053100585938,156.2305908203125,78.36322784423828,492.6387023925781
2024-02-23,96.48793029785156,176.62681579589844,156.42581176757812,78.6420669555664,492.9784240722656
2024-02-26,96.12977600097656,177.09765625,156.27943420410156,78.27669525146484,491.17291259765625
2024-02-27,96.48793029785156,177.20555114746094,156.26966857910156,78.30553436279297,492.08538818359375
2024-02-28,96.28057861328125,176.83285522460938,155.9280548095703,78.36322784423828,491.43499755859375
2024-02-29,96.9215087890625,178.73583984375,156.44532775878906,78.25746154785156,493.2016906738281
2024-03-01,97.92060852050781,182.9243927001953,158.4951171875,78.6420669555664,497.83203125
2024-03-04,98.39186096191406,184.15057373046875,158.3779754638672,78.73821258544922,497.298095703125
2024-03-05,97.87346649169922,180.80560302734375,156.66012573242188,78.23823547363281,492.3280944824219
2024-03-06,98.75003814697266,182.58108520507812,157.80210876464844,78.78628540039062,494.8227844238281
2024-03-07,99.4098129272461,185.59254455566406,159.64686584472656,79.07475280761719,499.7345886230469
2024-03-08,99.04222869873047,182.1200408935547,157.74354553222656,78.96897888183594,496.735107421875
2024-03-11,99.50408172607422,179.71678161621094,157.3043212890625,79.24781036376953,496.3079833984375
2024-03-12,99.73027801513672,183.49334716796875,159.5980682373047,79.5747299194336,501.6469421386719
2024-03-13,99.64544677734375,182.48297119140625,159.3638458251953,79.46896362304688,500.860595703125
2024-03-14,98.53324127197266,181.51185607910156,159.11004638671875,79.19012451171875,499.8705139160156
2024-03-15,98.45784759521484,179.05950927734375,157.61663818359375,79.02666473388672,496.4381408691406
2024-03-18,98.7783203125,180.3543701171875,158.5048828125,79.2093505859375,499.38848876953125
2024-03-19,99.20246124267578,181.1292724609375,159.43215942382812,79.69010162353516,502.1637268066406
2024-03-20,100.41832733154297,183.25791931152344,160.99386596679688,79.9016342163086,506.8083190917969
2024-03-21,101.13934326171875,185.16456604003906,161.84988403320312,80.05615234375,508.4832458496094
2024-03-22,100.66500091552734,185.1547088623047,161.008544921875,79.85336303710938,507.5191650390625
2024-03-25,100.54167175292969,184.93873596191406,160.38243103027344,79.6022720336914,506.11700439453125
2024-03-26,100.50373077392578,184.31039428710938,159.76609802246094,79.5926284790039,505.18231201171875
2024-03-27,102.2587890625,184.3005828857422,160.59767150878906,80.51968383789062,509.42767333984375
2024-03-28,102.75209045410156,183.9373016357422,160.78355407714844,80.71282196044922,509.3303527832031
2024-04-01,102.34416198730469,184.13368225097656,160.31396484375,80.42312622070312,508.4442443847656
2024-04-02,101.31009674072266,182.92608642578125,159.31610107421875,80.00786590576172,505.2114562988281
2024-04-03,101.26266479492188,184.4871063232422,159.364990234375,79.82438659667969,505.7664489746094
2024-04-04,100.20014953613281,180.96250915527344,157.11492919921875,79.12909698486328,499.593017578125
2024-04-05,100.60808563232422,184.1631317138672,159.01280212402344,79.5153579711914,504.8122863769531
2024-04-08,100.52269744873047,183.68206787109375,158.9149932861328,79.46707916259766,505.0945739746094
2024-04-09,100.93062591552734,182.52354431152344,158.9345703125,79.48640441894531,505.6788330078125
2024-04-10,98.89095306396484,181.79702758789062,157.3888397216797,78.7138442993164,500.6154479980469
2024-04-11,98.90992736816406,183.82933044433594,158.7877960205078,78.54966735839844,504.3935546875
2024-04-12,97.19279479980469,180.55015563964844,156.67466735839844,77.69986724853516,497.43133544921875
2024-04-15,96.69949340820312,177.48699951171875,154.73765563964844,77.236328125,491.199462890625
2024-04-16,96.03540802001953,178.37059020996094,154.88441467285156,77.17838287353516,490.3035888671875
2024-04-17,95.64645385742188,175.95541381835938,153.79847717285156,77.17838287353516,487.4018859863281
2024-04-18,95.6749038696289,174.8754425048828,153.4658660888672,77.2556381225586,486.39898681640625
2024-04-19,96.04489135742188,170.4181671142578,151.2059783935547,77.73848724365234,482.15350341796875
2024-04-22,96.75640106201172,172.11663818359375,152.4973602294922,78.0958023071289,486.5936584472656
2024-04-23,97.52485656738281,175.8081512451172,154.24853515625,78.385498046875,492.3679504394531
2024-04-24,97.82841491699219,175.0030517578125,154.14088439941406,78.55933380126953,492.13421630859375
2024-04-25,97.240234375,174.197998046875,153.67132568359375,78.43378448486328,490.2646484375
2024-04-26,96.92717742919922,176.4070281982422,155.59857177734375,78.15372467041016,494.90936279296875
2024-04-29,97.5343246459961,176.46592712402344,155.52029418945312,78.49171447753906,496.6620788574219
2024-04-30,95.769775390625,173.88385009765625,153.5539093017578,77.6902084350586,488.7943420410156
2024-05-01,95.02031707763672,172.09698486328125,152.80062866210938,77.5839614868164,487.2071838378906
2024-05-02,95.61798095703125,173.98202514648438,153.95498657226562,77.87367248535156,491.76422119140625
2024-05-03,96.23463439941406,176.8194122314453,155.73553466796875,78.32755279541016,497.85980224609375
2024-05-06,97.02204895019531,180.41268920898438,157.8388671875,78.80075073242188,503.0010681152344
2024-05-07,96.91768646240234,180.30471801757812,158.3475799560547,79.30290985107422,503.5561218261719
2024-05-08,97.09793853759766,180.5599822998047,158.3475799560547,79.32221984863281,503.60479736328125
2024-05-09,97.76202392578125,180.9330596923828,158.86607360839844,79.78575897216797,506.5064392089844
2024-05-10,97.95175170898438,181.25704956054688,159.40414428710938,80.0658187866211,507.158935546875
2024-05-13,98.20790100097656,180.33416748046875,159.3063201904297,80.0658187866211,507.22711181640625
2024-05-14,98.61583709716797,181.50247192382812,160.01065063476562,80.14305877685547,509.5542907714844
2024-05-15,99.63092803955078,185.73397827148438,162.60317993164062,80.6838607788086,515.8640747070312
2024-05-16,99.19453430175781,184.15333557128906,161.97706604003906,81.00253295898438,514.8026733398438
2024-05-17,99.29888153076172,183.98641967773438,161.94772338867188,81.1860122680664,515.5427856445312
2024-05-20,99.04273986816406,185.55728149414062,162.49557495117188,81.06047058105469,516.13671875
2024-05-21,99.05223083496094,185.65542602539062,162.64230346679688,81.01219177246094,517.4027099609375
2024-05-22,98.85301208496094,185.31182861328125,162.1433868408203,80.96390533447266,515.912841796875
2024-05-23,97.50587463378906,185.25289916992188,161.75204467773438,80.0368423461914,512.1444702148438
2024-05-24,98.113037109375,187.11830139160156,162.90646362304688,80.17203521728516,515.5330810546875
2024-05-28,97.373046875,187.92337036132812,163.30755615234375,79.40914154052734,515.8933715820312
2024-05-29,96.3105239868164,186.55868530273438,162.00643920898438,78.733154296875,512.28076171875
2024-05-30,97.22126770019531,183.27952575683594,161.1161651611328,78.86834716796875,508.88250732421875
2024-05-31,98.76762390136719,183.2009735107422,162.1433868408203,79.9595947265625,513.517333984375
2024-06-03,98.14149475097656,182.88681030273438,162.29013061523438,79.74713134765625,513.93603515625
2024-06-04,97.78099822998047,182.3959197998047,162.6814422607422,80.13341522216797,514.5105590820312
2024-06-05,98.40711975097656,186.55868530273438,164.7456512451172,80.32654571533203,520.6256103515625
2024-06-06,98.15097045898438,185.6947021484375,164.67715454101562,80.38448333740234,520.6159057617188
2024-06-07,97.94226837158203,185.8419647216797,164.50106811523438,80.2396240234375,519.9830322265625
2024-06-10,98.35969543457031,187.9037322998047,165.16632080078125,80.42312622070312,521.589599609375
2024-06-11,97.87403869628906,187.42019653320312,165.92605590820312,80.35624694824219,522.8457641601562
2024-06-12,97.99807739257812,189.533203125,167.04359436035156,80.2690200805664,527.1398315429688
2024-06-13,97.62596893310547,191.2531280517578,167.4945526123047,80.25931549072266,528.2012329101562
2024-06-14,96.95808410644531,191.3317413330078,167.75921630859375,80.31747436523438,528.522705078125
2024-06-17,97.55918884277344,193.94601440429688,169.0924530029297,80.94744110107422,532.7291259765625
2024-06-18,97.96946716308594,195.38088989257812,169.77865600585938,81.10253143310547,534.0827026367188
2024-06-20,98.22706604003906,193.71994018554688,169.02381896972656,81.5483627319336,532.6318359375
2024-06-21,98.38926696777344,192.0590057373047,168.66111755371094,81.53865814208984,531.9176025390625
2024-06-24,98.98081970214844,189.79856872558594,168.05331420898438,82.02326965332031,530.1886596679688
2024-06-25,98.38926696777344,191.54794311523438,168.8179473876953,81.62589263916016,532.2302856445312
2024-06-26,97.94082641601562,190.99757385253906,168.4552459716797,81.28667449951172,532.8945922851562
2024-06-27,97.89311981201172,191.7052001953125,168.3572235107422,81.46112823486328,533.7346801757812
2024-06-28,98.71366882324219,191.5184783935547,167.3965301513672,81.3739013671875,531.6343383789062
2024-07-01,98.4083480834961,191.84280395507812,167.072998046875,81.18006896972656,532.7284545898438
2024-07-02,98.67550659179688,193.0123291015625,168.08273315429688,81.43204498291016,536.3136596679688
2024-07-03,98.50374603271484,194.64378356933594,168.8179473876953,81.28667449951172,538.7069702148438
2024-07-05,98.19843292236328,195.17449951171875,169.99432373046875,81.52897644042969,541.8134155273438
2024-07-08,99.06669616699219,196.0885009765625,169.81785583496094,81.58712768554688,542.438720703125
2024-07-09,99.36248016357422,196.52093505859375,169.87667846679688,81.42235565185547,542.966064453125
2024-07-10,100.37383270263672,198.1228790283203,171.2196807861328,82.0620346069336,548.3389892578125
2024-07-11,100.9940185546875,195.32191467285156,169.6414031982422,82.4012451171875,543.61083984375
2024-07-12,101.90045166015625,195.9017791748047,170.8863983154297,83.02153778076172,547.0397338867188
2024-07-15,102.21530151367188,196.87472534179688,171.53338623046875,83.1378402709961,548.5440673828125
2024-07-16,104.14263153076172,197.91651916503906,172.6117401123047,83.95196533203125,551.7969970703125
2024-07-17,104.02814483642578,190.4865264892578,169.8080596923828,84.11672973632812,544.0602416992188
2024-07-18,103.4556655883789,189.04183959960938,168.6807098388672,83.65150451660156,539.879150390625
2024-07-19,102.25346374511719,187.9115753173828,167.4161376953125,83.01185607910156,536.2940673828125
2024-07-22,102.66374206542969,191.03689575195312,169.6805877685547,83.38984680175781,541.8233032226562
2024-07-23,101.61421203613281,191.34156799316406,169.0924530029297,82.98278045654297,540.9732666015625
2024-07-24,101.10852813720703,184.42263793945312,165.151611328125,82.68231964111328,528.7135009765625
2024-07-25,100.90815734863281,182.417724609375,163.9066162109375,82.81800079345703,525.9586791992188
2024-07-26,102.30116271972656,184.8550567626953,166.02407836914062,83.7193603515625,531.849365234375
2024-07-29,102.07218933105469,184.16709899902344,166.0044708251953,83.82597351074219,532.161865234375
2024-07-30,102.23439025878906,181.77891540527344,165.32806396484375,84.09734344482422,529.4657592773438
2024-07-31,102.6541976928711,187.68556213378906,168.39642333984375,84.3590316772461,538.0719604492188
2024-08-01,100.82228088378906,182.55531311035156,166.5142364501953,84.4074935913086,530.4524536132812
2024-08-02,97.3397216796875,176.3145294189453,164.2203369140625,84.21365356445312,520.5762939453125
2024-08-05,94.76360321044922,172.44229125976562,159.4364776611328,82.3333969116211,505.4151306152344
2024-08-06,95.3265380859375,175.3218994140625,161.1519775390625,82.86647033691406,510.0748291015625
2024-08-07,94.59185028076172,172.99267578125,159.8285675048828,82.84709930419922,506.6654052734375
2024-08-08,96.67183685302734,179.64625549316406,163.94586181640625,83.93257904052734,518.378173828125
2024-08-09,96.71000671386719,181.4742431640625,164.9457244873047,84.14579772949219,520.6641235351562
2024-08-12,96.05165100097656,181.9853057861328,165.22023010253906,84.02949523925781,520.937744140625
2024-08-13,97.41605377197266,185.90667724609375,167.68080139160156,84.72733306884766,529.5048828125
2024-08-14,97.49237823486328,187.39071655273438,168.09254455566406,85.27007293701172,531.17529296875
2024-08-15,99.10486602783203,191.685546875,171.09225463867188,85.8709716796875,540.27978515625
2024-08-16,99.58192443847656,191.5184783935547,171.1903076171875,86.15205383300781,541.4910888671875
2024-08-19,100.55513763427734,193.6609649658203,172.44508361816406,86.6948013305664,546.66845703125
2024-08-20,99.99220275878906,193.30718994140625,172.40586853027344,86.76264190673828,545.779541015625
2024-08-21,100.66009521484375,194.2506561279297,173.65086364746094,87.18907928466797,547.6550903320312
2024-08-22,100.19256591796875,192.61923217773438,172.3078155517578,86.97586059570312,543.3568725585938
2024-08-23,101.96724700927734,194.4668731689453,173.8861083984375,87.47015380859375,549.1302490234375
2024-08-26,101.84318542480469,192.69784545898438,173.63124084472656,87.53800964355469,547.821044921875
2024-08-27,101.642822265625,193.336669921875,174.25863647460938,87.71246337890625,548.5733642578125
2024-08-28,101.38520050048828,191.54794311523438,172.9254150390625,87.6058349609375,545.3888549804688
2024-08-29,101.77639770507812,191.18431091308594,172.9450225830078,87.8966064453125,545.4375610351562
2024-08-30,103.07402038574219,193.9754638671875,174.2782440185547,88.5072021484375,550.644287109375
2024-09-03,101.35660552978516,188.26541137695312,170.52366638183594,88.0129165649414,539.312744140625
2024-09-04,100.9940185546875,188.0196990966797,170.29823303222656,88.0710678100586,538.2088012695312
2024-09-05,100.1639404296875,186.9091339111328,169.30810546875,87.431396484375,536.8997802734375
2024-09-06,98.90448760986328,182.83050537109375,167.29847717285156,86.56880187988281,527.8637084960938
2024-09-09,99.88725280761719,185.9459991455078,169.16107177734375,87.34416198730469,533.7737426757812
2024-09-10,99.43881225585938,186.3194580078125,169.58261108398438,87.54769134521484,536.0986938476562
2024-09-11,99.63916778564453,189.29734802246094,171.3471221923828,87.46046447753906,541.5985717773438
2024-09-12,100.24980926513672,191.80348205566406,172.5921173095703,87.9741439819336,546.16064453125
2024-09-13,101.42338562011719,193.3759765625,173.337158203125,88.52658081054688,549.012939453125
2024-09-16,102.58740997314453,193.90667724609375,173.6704559326172,88.9917984008789,549.8237915039062
2024-09-17,102.7591552734375,193.78872680664062,173.65086364746094,88.47811889648438,550.0484619140625
2024-09-18,102.62557983398438,193.17941284179688,172.89602661132812,88.04197692871094,548.4171142578125
2024-09-19,103.87548065185547,196.9337158203125,175.45458984375,88.46842956542969,557.7755126953125
2024-09-20,103.39842224121094,198.10325622558594,174.88601684570312,88.47811889648438,556.8113403320312
2024-09-23,103.84685516357422,199.21380615234375,175.50360107421875,88.83673858642578,558.2028198242188
2024-09-24,104.07583618164062,199.50865173339844,175.5624237060547,88.65257263183594,559.7999877929688
2024-09-25,103.34406280517578,199.89276123046875,175.29989624023438,88.29042053222656,558.5652465820312
2024-09-26,104.42106628417969,200.2374725341797,176.09634399414062,88.55326843261719,560.77978515625
2024-09-27,104.89225006103516,198.89797973632812,175.7030487060547,88.6603775024414,559.9664306640625
2024-09-30,104.85379028320312,199.7056121826172,176.3028564453125,88.89401245117188,562.2103271484375
2024-10-01,104.20951843261719,198.5926513671875,175.1622314453125,88.73824310302734,557.173828125
2024-10-02,104.12296295166016,199.1737518310547,175.4571990966797,88.57274627685547,557.4090576171875
2024-10-03,103.84410095214844,198.76010131835938,175.37857055664062,88.27095031738281,556.3900756835938
2024-10-04,104.62300109863281,200.6905517578125,176.2143096923828,88.68958282470703,561.4461669921875
2024-10-07,104.33451843261719,199.25254821777344,174.62144470214844,87.72576904296875,556.370361328125
2024-10-08,104.4883804321289,201.23226928710938,176.3815155029297,88.43644714355469,561.6323852539062
2024-10-09,105.55575561523438,202.84756469726562,177.53195190429688,89.20555114746094,565.5224609375
2024-10-10,104.8730239868164,201.91189575195312,177.2467803955078,88.9329605102539,564.53271484375
2024-10-11,105.93080139160156,204.23634338378906,178.39723205566406,89.57550811767578,567.9131469726562
2024-10-14,106.6904525756836,205.81224060058594,180.12782287597656,90.16935729980469,572.557861328125
2024-10-15,105.77693939208984,203.7143096923828,177.91543579101562,89.79940795898438,568.1093139648438
2024-10-16,106.8731689453125,205.50686645507812,178.8692169189453,90.24723815917969,570.5784301757812
2024-10-17,106.64238739013672,205.50686645507812,178.57424926757812,90.39327239990234,570.6275024414062
2024-10-18,106.5846939086914,206.17666625976562,179.3706817626953,90.4127426147461,572.8223876953125
2024-10-21,105.35383605957031,205.5659942626953,178.92823791503906,90.00385284423828,571.8817138671875
2024-10-22,105.06535339355469,204.92579650878906,178.34808349609375,89.65338134765625,571.5779418945312
2024-10-23,105.074951171875,204.45303344726562,176.8436737060547,89.4684066772461,566.3553466796875
2024-10-24,104.85379028320312,203.85220336914062,176.71583557128906,89.14713287353516,567.5802001953125
2024-10-25,104.30567169189453,202.64076232910156,176.755126953125,88.59220886230469,567.3840942382812
2024-10-28,105.14225769042969,203.40899658203125,177.07962036132812,88.73824310302734,569.13818359375
2024-10-29,104.44029235839844,203.2021484375,177.53195190429688,88.650634765625,570.0592041015625
2024-10-30,104.0844955444336,202.01039123535156,176.6175079345703,88.24174499511719,568.334716796875
2024-10-31,103.48831176757812,199.3608856201172,173.47097778320312,87.60894012451172,557.1934814453125
2024-11-01,103.74794006347656,198.6615753173828,174.12979125976562,87.58946990966797,559.5452270507812
2024-11-04,103.56523132324219,198.287353515625,173.93310546875,87.56026458740234,558.33984375
2024-11-05,104.85379028320312,201.6558074951172,175.7030487060547,88.3293685913086,565.0913696289062
2024-11-06,108.03670501708984,206.3145294189453,179.21334838867188,90.00385284423828,579.142578125
2024-11-07,108.09440612792969,207.28964233398438,180.9046173095703,90.17909240722656,583.62060546875
2024-11-08,108.34442901611328,210.6186981201172,181.33726501464844,90.99686431884766,586.148681640625
2024-11-11,109.15217590332031,210.38233947753906,181.17010498046875,90.87029266357422,586.707275390625
2024-11-12,108.0655746459961,209.30874633789062,180.99310302734375,90.67559051513672,584.8847045898438
2024-11-13,108.33482360839844,208.77688598632812,180.55062866210938,90.67559051513672,585.1688232421875
2024-11-14,107.70014953613281,206.61988830566406,179.49851989746094,89.69232177734375,581.4061279296875
2024-11-15,106.70970153808594,205.27052307128906,176.55850219726562,88.73824310302734,573.9590454101562
2024-11-18,107.35397338867188,206.25546264648438,176.9715118408203,89.06924438476562,576.310791015625
2024-11-19,106.76737976074219,207.81167602539062,177.3844451904297,88.95243072509766,578.4174194335938
2024-11-20,107.07510375976562,208.4223175048828,177.8662567138672,89.53656005859375,578.6134643554688
2024-11-21,108.52713012695312,210.58917236328125,179.03634643554688,90.50035095214844,581.7195434570312
2024-11-22,109.74838256835938,211.672607421875,179.69517517089844,90.98712921142578,583.5226440429688
2024-11-25,110.95038604736328,211.22940063476562,180.678466796875,91.3960189819336,585.501953125
2024-11-26,110.12339782714844,213.0022735595703,181.46510314941406,92.06775665283203,588.5592041015625
2024-11-27,109.72914123535156,212.00747680664062,181.17010498046875,91.94120788574219,586.7757568359375
2024-11-29,110.17149353027344,213.2583465576172,182.19268798828125,92.04828643798828,590.4208984375
2024-12-02,109.7868423461914,211.55441284179688,182.87115478515625,91.66860961914062,591.4791870117188
2024-12-03,109.14257049560547,212.0271759033203,182.91050720214844,91.33761596679688,591.7535400390625
2024-12-04,108.6136703491211,213.39625549316406,183.72665405273438,91.58099365234375,595.427978515625
2024-12-05,108.10401916503906,213.32728576660156,182.9498291015625,91.38627624511719,594.4481201171875
2024-12-06,108.04632568359375,214.2728271484375,183.34315490722656,91.0552749633789,595.5750122070312
2024-12-09,107.42129516601562,209.7815399169922,182.46803283691406,90.25697326660156,592.5079956054688
2024-12-10,106.41159057617188,207.80178833007812,182.0550537109375,89.95516967773438,590.6658325195312
2024-12-11,106.07503509521484,210.13609313964844,183.0088348388672,89.7604751586914,595.232177734375
2024-12-12,105.88272094726562,208.599609375,181.65191650390625,89.50735473632812,592.1651611328125
2024-12-13,105.57499694824219,211.06195068359375,180.88497924804688,89.23475646972656,592.0474853515625
2024-12-16,104.89225006103516,212.79542541503906,180.8358154296875,88.87454986572266,594.5755004882812
2024-12-17,104.22222900390625,210.2335968017578,180.1730194091797,88.48138427734375,592.1257934570312
2024-12-18,101.35620880126953,202.95928955078125,175.46875,86.60359191894531,574.4784545898438
2024-12-19,100.70748138427734,202.80113220214844,175.2616424560547,86.6427001953125,574.302001953125
2024-12-20,102.24699401855469,206.67552185058594,176.95794677734375,87.47402954101562,581.199951171875
2024-12-23,102.66334533691406,207.48597717285156,178.29920959472656,87.44469451904297,584.6803588867188
2024-12-24,103.44761657714844,210.154541015625,179.63064575195312,88.09017944335938,591.1790771484375
2024-12-26,103.76714324951172,210.45101928710938,179.7390899658203,88.1292953491211,591.2184448242188
2024-12-27,103.13777923583984,207.90109252929688,178.032958984375,87.698974609375,584.9950561523438
2024-12-30,101.94683074951172,205.46971130371094,176.11965942382812,86.76985168457031,578.3192138671875
2024-12-31,102.25668334960938,204.5110321044922,175.62655639648438,86.83831024169922,576.2152709960938
2025-01-02,102.11144256591797,205.5586700439453,175.1630401611328,86.71117401123047,574.7994995117188
2025-01-03,103.11842346191406,208.80047607421875,176.82974243164062,87.14149475097656,581.9864501953125
2025-01-06,103.67031860351562,209.43301391601562,177.5200958251953,86.66226196289062,585.3390502929688
2025-01-07,103.36048889160156,206.39877319335938,176.17884826660156,86.50578308105469,578.7223510742188
2025-01-08,103.06999969482422,207.33770751953125,176.52403259277344,87.04369354248047,579.56787109375
2025-01-10,101.68540954589844,204.49122619628906,173.92039489746094,85.7527084350586,570.7192993164062
2025-01-13,102.42127227783203,204.4319305419922,174.21624755859375,86.23194122314453,571.604248046875
2025-01-14,103.42826843261719,206.55691528320312,174.20639038085938,86.69160461425781,572.3906860351562
2025-01-15,104.89031982421875,210.50045776367188,176.97767639160156,87.21973419189453,582.8024291992188
2025-01-16,105.2969741821289,211.90390014648438,176.9973907470703,87.73809051513672,581.6817016601562
2025-01-17,106.21680450439453,214.819580078125,178.20059204101562,87.87501525878906,587.5217895507812
2025-01-21,107.41744232177734,218.19976806640625,179.63064575195312,88.70632934570312,592.8995971679688
2025-01-22,107.10760498046875,219.39569091796875,181.1888427734375,88.64765167236328,596.2326049804688
2025-01-23,107.80474090576172,221.17471313476562,182.06658935546875,88.95082092285156,599.48681640625
2025-01-24,107.5142593383789,220.41366577148438,181.56362915039062,88.94105529785156,597.7367553710938
2025-01-27,107.30126190185547,211.4295196533203,180.03497314453125,89.87995147705078,589.2816162109375
2025-01-28,106.25554656982422,213.77191162109375,181.17898559570312,89.62566375732422,594.344970703125
2025-01-29,106.35237121582031,213.82131958007812,180.62669372558594,89.50829315185547,591.6804809570312
2025-01-30,107.44649505615234,217.33001708984375,182.3131561279297,90.36896514892578,594.8561401367188
2025-01-31,106.50729370117188,216.57887268066406,180.8338165283203,89.92884826660156,591.6903686523438
2025-02-03,105.86823272705078,216.51956176757812,179.9462127685547,90.33961486816406,587.70849609375
2025-02-04,106.18775939941406,217.80442810058594,180.79434204101562,90.3102798461914,591.6510620117188
2025-02-05,107.05919647216797,221.20436096191406,181.5833282470703,91.0633544921875,594.0499267578125
2025-02-06,106.5169677734375,223.4676971435547,181.82003784179688,91.07313537597656,596.1146240234375
2025-02-07,105.9457015991211,222.2520294189453,180.38999938964844,90.67215728759766,590.6580810546875
2025-02-10,106.38141632080078,224.4363250732422,181.71156311035156,91.05357360839844,594.6693725585938
2025-02-11,106.84617614746094,223.329345703125,181.8791961669922,91.18071746826172,595.12158203125
2025-02-12,106.91395568847656,222.8648223876953,181.31707763671875,90.80906677246094,593.2045288085938
2025-02-13,108.34696960449219,225.05897521972656,183.24020385742188,91.63060760498047,599.4671630859375
2025-02-14,108.4534683227539,225.64210510253906,182.5596923828125,90.90686798095703,599.4376220703125
2025-02-18,109.86711883544922,226.808349609375,183.0232391357422,91.11225891113281,601.1975708007812
2025-02-19,109.95425415039062,226.53160095214844,183.64454650878906,91.68928527832031,602.6133422851562
2025-02-20,109.77996826171875,222.54855346679688,183.14158630371094,91.66973114013672,600.1063232421875
2025-02-21,108.09521484375,217.35964965820312,180.0843048095703,91.01445007324219,589.8419799804688
2025-02-24,107.89188385009766,215.1259765625,179.51226806640625,91.4643325805664,587.1578979492188
2025-02-25,107.669189453125,214.32542419433594,179.32489013671875,92.01203918457031,584.2379150390625
2025-02-26,107.5142593383789,215.65966796875,179.03887939453125,91.3274154663086,584.5328979492188
2025-02-27,106.50729370117188,211.96322631835938,176.47471618652344,91.25896453857422,575.2025146484375
2025-02-28,107.6304702758789,215.88699340820312,179.0684814453125,92.49125671386719,584.178955078125
2025-03-03,106.10063171386719,211.85450744628906,176.6324920654297,92.34455871582031,573.9441528320312
2025-03-04,103.7865219116211,207.49583435058594,174.81784057617188,91.27851867675781,567.1504516601562
2025-03-05,104.72571563720703,210.14463806152344,176.68179321289062,91.63060760498047,573.2460327148438
2025-03-06,103.9995346069336,202.02032470703125,173.79217529296875,91.03401947021484,563.0703125
2025-03-07,105.30665588378906,201.97091674804688,174.39376831054688,91.75774383544922,566.2261962890625
2025-03-10,103.71874237060547,193.83673095703125,170.49818420410156,91.10247039794922,551.14453125
2025-03-11,101.90811157226562,194.48902893066406,168.39755249023438,89.83103942871094,546.5628051757812
2025-03-12,101.66605377197266,197.55294799804688,168.75257873535156,89.13665771484375,549.4632568359375
2025-03-13,101.55953979492188,194.44952392578125,165.84324645996094,88.95082092285156,542.1386108398438
2025-03-14,103.36048889160156,199.63839721679688,169.01885986328125,89.96797180175781,553.3369750976562
2025-03-17,104.91937255859375,201.98081970214844,170.71517944335938,91.20028686523438,557.6039428710938
2025-03-18,104.73326873779297,198.5393829345703,168.9863739013672,90.72428131103516,551.5770263671875
2025-03-19,105.3276138305664,202.32464599609375,170.587646484375,91.13648223876953,557.584228515625
2025-03-20,104.81121063232422,202.03729248046875,169.9451446533203,90.82242584228516,555.9718017578125
2025-03-21,104.21685791015625,202.86965942382812,169.6189727783203,90.70465087890625,556.1553344726562
2025-03-24,105.72711181640625,208.54759216308594,172.55467224121094,91.31314849853516,566.1151733398438
2025-03-25,105.639404296875,209.13223266601562,172.82156372070312,91.12667083740234,567.4760131835938
2025-03-26,105.31787109375,205.12893676757812,171.358642578125,91.41128540039062,560.701416015625
2025-03-27,104.63583374023438,202.9588623046875,171.07200622558594,91.73516082763672,559.2123413085938
2025-03-28,103.11583709716797,199.03482055664062,167.65194702148438,91.01870727539062,547.95068359375
2025-03-31,103.91481018066406,200.29330444335938,168.91717529296875,91.921630859375,551.6289672851562
2025-04-01,103.79788208007812,201.6904754638672,169.31253051757812,91.85293579101562,553.1870727539062
2025-04-02,104.48967742919922,204.2272186279297,170.2713623046875,92.0394058227539,556.6878051757812
2025-04-03,99.26714324951172,193.21817016601562,162.70965576171875,90.95982360839844,529.2537231445312
2025-04-04,93.39178466796875,179.51382446289062,153.69496154785156,85.58153533935547,498.26971435546875
2025-04-07,93.041015625,181.0497589111328,152.80532836914062,84.60990905761719,497.3821716308594
2025-04-08,91.10205841064453,179.1967315673828,150.660400390625,83.8345718383789,489.5917663574219
2025-04-09,98.2051010131836,197.9745330810547,163.73765563964844,88.1921615600586,541.0084228515625
2025-04-10,94.71691131591797,191.50387573242188,158.84481811523438,86.97518157958984,517.3019409179688
2025-04-11,95.89588165283203,194.2784423828125,161.5630645751953,88.30994415283203,526.531982421875
2025-04-14,97.08458709716797,196.00265502929688,162.94691467285156,89.41896057128906,531.64013671875
2025-04-15,96.98715209960938,197.09262084960938,162.5416259765625,89.16378784179688,530.151123046875
2025-04-16,95.57433319091797,192.93080139160156,159.15121459960938,88.16272735595703,518.366943359375
2025-04-17,96.11997985839844,193.5749053955078,159.5663604736328,88.36882019042969,519.1064453125
2025-04-21,94.44409942626953,188.21405029296875,156.03761291503906,86.5629653930664,506.7503662109375
2025-04-22,96.49022674560547,193.9910888671875,159.90245056152344,88.35901641845703,519.9348754882812
2025-04-23,97.91278839111328,198.5096435546875,161.780517578125,88.69270324707031,527.991455078125
2025-04-24,99.44252014160156,202.9588623046875,164.89414978027344,89.22268676757812,539.1051635742188
2025-04-25,98.91637420654297,204.9109344482422,165.7936553955078,89.1245346069336,543.0003051757812
2025-04-28,99.4620132446289,205.8721160888672,165.94190979003906,89.45822143554688,543.2073974609375
2025-04-29,99.7640609741211,207.40805053710938,166.94024658203125,90.15504455566406,546.6292724609375
2025-04-30,99.9297103881836,207.7251434326172,167.4147186279297,90.82242584228516,546.8462524414062
2025-05-01,100.03688049316406,209.59796142578125,167.45425415039062,90.2041244506836,550.7216186523438
2025-05-02,101.77122497558594,214.41380310058594,170.29112243652344,91.1070556640625,558.8966674804688
2025-05-05,101.38150024414062,214.07687377929688,169.7178192138672,91.02852630615234,555.6918334960938
2025-05-06,100.82611083984375,212.1248016357422,168.06710815429688,90.63594818115234,551.047119140625
2025-05-07,101.25482177734375,213.72015380859375,168.99624633789062,91.09722900390625,553.3645629882812
2025-05-08,102.30712890625,215.66233825683594,169.49046325683594,90.68502044677734,557.2202758789062
2025-05-09,102.37532806396484,215.2362823486328,168.9468231201172,90.42002868652344,556.51025390625
2025-05-12,105.28863525390625,221.22137451171875,174.30426025390625,91.11685180664062,574.9015502929688
2025-05-13,105.5322265625,225.4030303955078,174.61068725585938,90.4494857788086,578.6982421875
2025-05-14,104.63583374023438,226.4236602783203,174.67987060546875,89.7821044921875,579.437744140625
2025-05-15,106.02915954589844,226.8596649169922,175.87588500976562,91.35240173339844,582.2678833007812
2025-05-16,106.74043273925781,228.57394409179688,177.0718994140625,92.22588348388672,585.9559936523438
2025-05-19,106.66249084472656,229.09913635253906,177.59580993652344,92.63809204101562,586.596923828125
2025-05-20,106.46761322021484,228.23704528808594,176.89401245117188,92.4908676147461,584.6246948242188
2025-05-21,104.25582885742188,224.07521057128906,174.08677673339844,91.27388763427734,574.7733154296875
2025-05-22,103.74916076660156,224.2040252685547,173.79025268554688,90.842041015625,575.0001831054688
2025-05-23,103.2814712524414,223.67884826660156,172.0011444091797,90.70465087890625,571.0753173828125
2025-05-27,104.99634552001953,228.48477172851562,175.52993774414062,91.61738586425781,582.9483032226562
2025-05-28,104.14864349365234,228.02894592285156,174.3536834716797,90.93038177490234,579.5757446289062
2025-05-29,104.27531433105469,228.2271270751953,174.84788513183594,91.24444580078125,581.8635864257812
2025-05-30,104.24608612060547,229.43605041503906,175.0159149169922,91.77442932128906,581.2127075195312
2025-06-02,104.31428527832031,231.37823486328125,175.7968292236328,91.93144989013672,584.4866943359375
2025-06-03,105.5809555053711,232.1709747314453,176.89401245117188,91.94126892089844,587.8197631835938
2025-06-04,105.33736419677734,231.5962371826172,177.5562744140625,91.54869079589844,587.6619262695312
2025-06-05,105.23992156982422,229.30722045898438,177.09169006347656,91.3818359375,584.8218994140625
2025-06-06,106.47736358642578,230.62515258789062,178.31736755371094,92.00996398925781,590.8274536132812
2025-06-09,106.98401641845703,229.34686279296875,177.66500854492188,91.4014663696289,591.3599243164062
2025-06-10,108.31888580322266,229.2576904296875,179.0587158203125,91.52906799316406,594.7128295898438
2025-06-11,107.7342758178711,230.2584991455078,178.48541259765625,91.34258270263672,593.0166625976562
2025-06-12,107.92913818359375,230.17921447753906,179.0982666015625,92.06884765625,595.37353515625
2025-06-13,106.67223358154297,228.1676788330078,176.2218475341797,91.28369903564453,588.7171630859375
2025-06-16,107.98278045654297,230.08505249023438,177.82464599609375,91.32801818847656,594.3182983398438
2025-06-17,106.94296264648438,228.33746337890625,176.1208038330078,90.71739959716797,589.2398681640625
2025-06-18,107.29610443115234,228.64529418945312,174.9221649169922,90.38253021240234,589.1510620117188
2025-06-20,107.58058166503906,228.67506408691406,173.99099731445312,90.4120864868164,587.7674560546875
2025-06-23,108.46343231201172,232.57733154296875,175.93260192871094,91.2689208984375,593.572998046875
2025-06-24,109.92504119873047,235.21856689453125,177.92372131347656,91.74166870117188,600.13037109375
2025-06-25,109.28743743896484,233.54049682617188,177.6859893798828,90.95376586914062,600.4666748046875
2025-06-26,110.27819061279297,235.45689392089844,178.67657470703125,91.29846954345703,605.1646118164062
2025-06-27,110.45476531982422,236.03277587890625,179.8851318359375,91.60379028320312,608.1713256835938
2025-06-30,111.05314636230469,238.6243896484375,181.10360717773438,92.45079040527344,611.0790405273438
2025-07-01,112.69131469726562,235.13914489746094,181.70785522460938,92.84473419189453,610.88134765625
2025-07-02,112.98561096191406,235.22850036621094,182.21307373046875,91.96819305419922,613.650634765625
2025-07-03,113.59380340576172,237.6810760498047,183.2333984375,92.73640441894531,618.487060546875
2025-07-07,112.24008178710938,236.88671875,181.8762664794922,92.42123413085938,613.8780517578125
2025-07-08,113.08370208740234,234.76182556152344,182.08428955078125,92.1356201171875,613.5418090820312
2025-07-09,113.22103881835938,236.21151733398438,183.2036895751953,92.31291198730469,617.2210083007812
2025-07-10,113.81942749023438,235.93348693847656,183.1937713623047,92.0371322631836,618.9617309570312
2025-07-11,112.88751983642578,234.5830841064453,182.13381958007812,91.3378677368164,616.7858276367188
2025-07-14,112.78942108154297,237.52220153808594,182.17343139648438,91.83031463623047,617.9627685546875
2025-07-15,111.32780456542969,235.55618286132812,180.90545654296875,90.78633117675781,615.3220825195312
2025-07-16,111.19048309326172,236.47962951660156,181.65834045410156,91.39697265625,617.3792724609375
2025-07-17,111.81828308105469,237.581787109375,182.7480010986328,91.62348937988281,621.1574096679688
2025-07-18,111.79866027832031,237.38320922851562,182.30223083496094,91.54468536376953,620.7024536132812
2025-07-21,111.85751342773438,237.85980224609375,182.6885528564453,91.56439208984375,621.87939453125
2025-07-22,112.67171478271484,235.8838348388672,183.09471130371094,92.38185119628906,621.9684448242188
2025-07-23,114.29027557373047,238.6641082763672,184.50137329101562,92.54927825927734,627.2598266601562
2025-07-24,113.33875274658203,237.90945434570312,184.40231323242188,92.57881164550781,627.4674682617188
2025-07-25,113.40741729736328,239.5875244140625,185.1353759765625,92.82504272460938,630.1181030273438
2025-07-28,112.91694641113281,239.04141235351562,185.02639770507812,92.0075912475586,629.9598999023438
2025-07-29,112.61284637451172,238.9917755126953,184.283447265625,92.36214447021484,628.29833984375
2025-07-30,112.12237548828125,239.64710998535156,183.5404815673828,91.92879486083984,627.5070190429688
2025-07-31,110.798095703125,239.5875244140625,182.39137268066406,91.2098388671875,625.1531372070312
2025-08-01,109.42477416992188,237.09523010253906,180.61817932128906,90.94391632080078,614.9066162109375
2025-08-04,110.54305267333984,240.63011169433594,183.70887756347656,91.9583511352539,624.2530517578125
2025-08-05,110.88638305664062,239.42864990234375,182.15365600585938,91.17044067382812,621.0881958007812
2025-08-06,110.92562866210938,242.33799743652344,183.6494598388672,91.6727294921875,625.845458984375
2025-08-07,111.08256530761719,242.14932250976562,182.39137268066406,91.19013214111328,625.3212890625
2025-08-08,112.25971221923828,243.9267120361328,183.90699768066406,91.43635559082031,630.1972045898438
2025-08-11,112.16160583496094,243.9664306640625,183.56028747558594,91.2393798828125,628.9510498046875
2025-08-12,114.29027557373047,246.11119079589844,185.47218322753906,91.42652130126953,635.6469116210938
2025-08-13,115.4870376586914,244.52247619628906,186.92837524414062,92.15532684326172,637.82275390625
2025-08-14,115.67340850830078,244.22457885742188,186.83921813964844,91.84016418457031,637.882080078125
2025-08-15,114.72188568115234,243.13233947753906,186.3439178466797,92.10606384277344,636.3886108398438
2025-08-18,114.9965591430664,243.11248779296875,186.3340301513672,92.05683135986328,636.2501831054688
2025-08-19,115.62435913085938,240.40174865722656,185.7891845703125,92.67730712890625,632.7984008789062
2025-08-20,114.8101806640625,241.1464385986328,185.39292907714844,93.15005493164062,631.116943359375
2025-08-21,114.5453109741211,239.8258514404297,184.8084716796875,92.90383911132812,628.5850830078125
2025-08-22,117.1546401977539,241.94081115722656,187.5920867919922,93.11065673828125,638.2381591796875
2025-08-25,116.6739730834961,241.1265869140625,186.64111328125,92.26366424560547,635.4292602539062
2025-08-26,116.87997436523438,243.44017028808594,187.28500366210938,92.2538070678711,638.0897827148438
2025-08-27,117.51759338378906,243.04298400878906,187.572265625,92.63790893554688,639.543701171875
2025-08-28,117.79226684570312,244.58204650878906,187.90908813476562,92.60836029052734,641.80859375
2025-08-29,117.3998794555664,242.0102996826172,187.176025390625,92.83488464355469,637.9810180664062
2025-09-02,116.8014907836914,240.77908325195312,185.84861755371094,92.5985107421875,633.2533569335938
2025-09-03,116.45816802978516,240.95779418945312,186.89865112304688,92.63790893554688,636.6853637695312
2025-09-04,117.70397186279297,243.21176147460938,188.54307556152344,92.78563690185547,642.0064086914062
2025-09-05,118.12577056884766,242.5762939453125,187.4434814453125,92.56896209716797,640.1469116210938
2025-09-08,117.6549301147461,244.7409210205078,187.92889404296875,92.64775848388672,641.7196655273438
2025-09-09,117.79226684570312,246.6870880126953,188.21615600585938,92.815185546875,643.2031860351562
2025-09-10,118.09635162353516,252.57525634765625,187.79022216796875,92.32275390625,645.0625
2025-09-11,119.93072509765625,252.16815185546875,189.7714385986328,93.47505950927734,650.4231567382812
2025-09-12,119.33234405517578,251.7312469482422,189.01856994628906,92.71671295166016,650.2054443359375
2025-09-15,119.40101623535156,252.823486328125,189.6426544189453,92.43108367919922,653.6671752929688
2025-09-16,119.44046020507812,252.2103729248047,189.46292114257812,92.04747009277344,652.7671508789062
2025-09-17,119.8349838256836,251.93167114257812,189.9594268798828,92.50227355957031,651.9561157226562
2025-09-18,122.29086303710938,253.48434448242188,190.68435668945312,92.63080596923828,655.0023803710938
2025-09-19,121.40319061279297,255.60435485839844,191.36956787109375,92.77910614013672,658.2465209960938
2025-09-22,121.3637466430664,256.480224609375,192.43211364746094,92.87797546386719,661.3607177734375
2025-09-23,121.77798461914062,255.58445739746094,191.52842712402344,93.0757064819336,657.7606201171875
2025-09-24,121.90619659423828,253.9521484375,190.86309814453125,93.09548950195312,655.6678466796875
2025-09-25,121.65962982177734,252.3994598388672,189.96937561035156,92.55170440673828,652.6429443359375
2025-09-26,122.92208862304688,253.46446228027344,191.2603302001953,93.47119903564453,656.3820190429688
2025-09-29,123.13907623291016,254.43984985351562,192.01502990722656,93.64916229248047,658.2266845703125
2025-09-30,123.33633422851562,255.2460479736328,193.14712524414062,94.06440734863281,660.7061157226562
2025-10-01,125.07221221923828,254.69862365722656,194.477783203125,93.89633178710938,662.95751953125
2025-10-02,125.200439453125,254.60903930664062,194.99417114257812,93.75791931152344,663.7210693359375
2025-10-03,125.66400146484375,253.0762939453125,195.10340881347656,94.07429504394531,663.7112426757812
2025-10-06,125.46673583984375,253.01657104492188,195.4410400390625,94.00508880615234,666.0914916992188
2025-10-07,124.4804458618164,253.30520629882812,194.447998046875,94.16328430175781,663.6219482421875
2025-10-08,125.1905746459961,254.71853637695312,195.32188415527344,94.35113525390625,667.5791625976562
2025-10-09,124.1155014038086,254.83799743652344,194.4082794189453,93.8073501586914,665.6452026367188
2025-10-10,120.61415100097656,248.7964630126953,189.68138122558594,92.92740631103516,647.6542358398438
2025-10-13,122.40921783447266,253.54408264160156,191.5383758544922,93.21412658691406,657.5919189453125
2025-10-14,123.34619140625,252.92697143554688,191.6873321533203,93.62938690185547,656.78857421875
2025-10-15,124.63825225830078,253.66351318359375,192.36260986328125,93.1844711303711,659.7044677734375
2025-10-16,123.60263061523438,251.70277404785156,190.9524688720703,92.27487182617188,655.211669921875
2025-10-17,124.15495300292969,251.61318969726562,192.11434936523438,92.99661254882812,658.9308471679688
2025-10-20,125.50618743896484,253.02651977539062,194.24940490722656,93.55029296875,665.7840576171875
2025-10-21,126.68974304199219,252.37957763671875,194.76577758789062,93.65904998779297,665.7740478515625
2025-10-22,125.6738510131836,249.74200439453125,193.49468994140625,93.60960388183594,662.3128051757812
2025-10-23,126.48262023925781,251.77243041992188,194.72604370117188,93.36244201660156,666.2402954101562
2025-10-24,128.0508270263672,254.30050659179688,195.49069213867188,93.431640625,671.6851806640625
2025-10-27,129.08644104003906,256.70916748046875,197.7945556640625,93.8567886352539,679.6094970703125
2025-10-28,128.99766540527344,256.739013671875,197.7449188232422,93.16470336914062,681.41455078125
2025-10-29,128.51438903808594,256.80865478515625,196.9405517578125,91.98815155029297,681.7418212890625
2025-10-30,127.79439544677734,252.36959838867188,195.33180236816406,92.1858901977539,674.2439575195312
2025-10-31,128.6228790283203,253.02651977539062,194.93458557128906,92.1265640258789,676.4556274414062
2025-11-03,128.78070068359375,252.32980346679688,194.6565399169922,91.70143127441406,677.7251586914062
2025-11-04,126.51221466064453,248.04005432128906,193.16697692871094,91.77063751220703,669.6917114257812
2025-11-05,128.39602661132812,248.97561645507812,193.93161010742188,91.89916229248047,672.012451171875
2025-11-06,127.63658142089844,245.77072143554688,191.92567443847656,91.29606628417969,664.8021850585938
2025-11-07,128.4946746826172,247.01486206054688,191.8660888671875,91.93871307373047,665.4567260742188
2025-11-10,129.66836547851562,251.43402099609375,194.5473175048828,92.33419036865234,675.8407592773438
2025-11-11,129.66836547851562,250.5880126953125,195.15306091308594,93.2339096069336,677.3878784179688
2025-11-12,130.85191345214844,250.4088592529297,195.6396484375,93.490966796875,677.7647705078125
2025-11-13,128.9483642578125,244.63607788085938,193.55426025390625,93.04605102539062,666.5179443359375
2025-11-14,128.8694610595703,244.91477966308594,193.0279541015625,93.1350326538086,666.408935546875
2025-11-17,126.64041900634766,242.21749877929688,190.98228454589844,92.65057373046875,660.2003173828125
2025-11-18,126.26564025878906,240.9036865234375,189.74098205566406,92.60114288330078,654.6563110351562
2025-11-19,126.06837463378906,241.80941772460938,190.41624450683594,92.1265640258789,657.1853637695312
2025-11-20,122.9615478515625,236.90257263183594,188.04286193847656,91.58277893066406,647.1683349609375
2025-11-21,125.64427185058594,236.7134552001953,190.64463806152344,92.64068603515625,653.6149291992188
2025-11-24,127.2026138305664,241.1624755859375,192.33279418945312,92.55170440673828,663.235107421875
2025-11-25,129.04698181152344,243.06350708007812,194.62673950195312,93.58983612060547,669.4734497070312
2025-11-26,130.2404022216797,246.5172119140625,195.96734619140625,93.84689331054688,674.09521484375
2025-11-28,131.8382110595703,249.0751495361328,196.70220947265625,94.25225830078125,677.7747192382812
2025-12-01,131.41409301757812,246.4873504638672,196.29505920410156,93.490966796875,674.6803588867188
2025-12-02,132.19326782226562,247.6419219970703,197.04977416992188,93.22401428222656,675.9300537109375
2025-12-03,133.51492309570312,248.62725830078125,197.73497009277344,93.5206298828125,678.2706298828125
2025-12-04,132.86395263671875,250.4188232421875,197.8938751220703,93.44153594970703,678.7664794921875
2025-12-05,133.45571899414062,251.60321044921875,198.3705291748047,93.5107421875,680.0557861328125
2025-12-08,133.43600463867188,252.19046020507812,197.1689453125,92.82854461669922,678.0127563476562
2025-12-09,133.63327026367188,252.30990600585938,197.02992248535156,92.60114288330078,677.427490234375
2025-12-10,136.37518310546875,254.71853637695312,197.9534454345703,92.79888153076172,681.92041015625
2025-12-11,136.68092346191406,254.8578643798828,199.61181640625,93.5799560546875,683.5072021484375
2025-12-12,134.90557861328125,248.28887939453125,198.1222686767578,93.56016540527344,676.1580810546875
2025-12-15,135.09298706054688,247.17413330078125,198.30101013183594,93.6985855102539,675.1365356445312
2025-12-16,134.10379028320312,247.21505737304688,197.4154815673828,93.02448272705078,673.2918701171875
2025-12-17,132.9925079345703,241.39669799804688,195.59263610839844,93.09397888183594,665.8832397460938
2025-12-18,134.0740203857422,245.5783233642578,196.99713134765625,93.17340087890625,670.9114990234375
2025-12-19,135.52259826660156,250.7479705810547,198.0629425048828,93.44145965576172,676.9923095703125
2025-12-22,136.51478576660156,252.88368225097656,199.0889129638672,94.04706573486328,681.2098999023438
2025-12-23,136.19729614257812,253.8118438720703,199.37779235839844,94.0669174194336,684.3233032226562
2025-12-24,137.12002563476562,254.95953369140625,200.20455932617188,94.38461303710938,686.7305297851562
2025-12-26,137.17955017089844,254.52041625976562,200.244384765625,94.42431640625,686.660888671875
2025-12-29,137.06048583984375,252.98348999023438,199.71646118164062,94.38461303710938,684.2138671875
2025-12-30,136.89181518554688,252.28488159179688,199.31802368164062,94.26547241210938,683.3783569335938
2025-12-31,135.66151428222656,249.80984497070312,197.8437957763672,93.4811782836914,678.3152465820312
